customer_id,sku_id,route,time_period,base_demand,forecasted_demand,forecast_confidence
CUST1,SKU1,DEL-FRA,2026-01-01,181.4,175.2177532863746,0.9958987521003997
CUST1,SKU1,DEL-FRA,2026-01-02,186.9,253.20688331256446,0.7923585760622143
CUST1,SKU1,DEL-FRA,2026-01-03,229.3,1989.1912106813666,0.6878567759924412
CUST1,SKU1,DEL-FRA,2026-01-04,197.0,363.79555929206407,0.7475575471187152
CUST1,SKU1,DEL-FRA,2026-01-05,193.4,334.57812396955825,0.6580129215420221
CUST1,SKU1,DEL-FRA,2026-01-06,209.0,406.50696129664783,0.5981482526989543
CUST1,SKU1,DEL-FRA,2026-01-07,196.9,363.3407608751209,0.7536524506887847
CUST1,SKU1,DEL-FRA,2026-01-08,190.2,288.35927145850764,0.7935966358592719
CUST1,SKU1,DEL-FRA,2026-01-09,189.1,282.45834512912387,0.7041370872989595
CUST1,SKU1,DEL-FRA,2026-01-10,209.7,476.21227387040125,0.6088628204659162
CUST1,SKU1,DEL-FRA,2026-01-11,184.8,191.40140907955396,0.8911549171957097
CUST1,SKU1,DEL-FRA,2026-01-12,174.9,132.75506720594615,0.9380900038151987
CUST1,SKU1,DEL-FRA,2026-01-13,253.0,1290.0849021976073,0.8464506002133748
CUST1,SKU1,DEL-FRA,2026-01-14,199.0,367.7724545074006,0.4978439951518806
CUST1,SKU1,DEL-FRA,2026-01-15,260.2,1237.9770754092592,0.8988301501380889
CUST1,SKU1,DEL-FRA,2026-01-16,178.6,140.01384672896,0.9382610638215404
CUST1,SKU1,DEL-FRA,2026-01-17,194.4,291.28942800953774,0.6601187817017025
CUST1,SKU1,DEL-FRA,2026-01-18,258.7,2619.687708721355,0.654902445436045
CUST1,SKU1,DEL-FRA,2026-01-19,241.1,2250.8109008485862,0.9400580542974505
CUST1,SKU1,DEL-FRA,2026-01-20,174.7,126.76144959891724,0.9165380360772968
CUST1,SKU1,DEL-FRA,2026-01-21,179.1,185.19112302614417,0.9942910604117935
CUST1,SKU1,DEL-FRA,2026-01-22,188.0,292.71403453632666,0.7181096715624384
CUST1,SKU1,DEL-FRA,2026-01-23,185.1,217.98758898460034,0.8658383750544694
CUST1,SKU1,DEL-FRA,2026-01-24,207.8,476.4696468611524,0.46933207051152726
CUST1,SKU1,DEL-FRA,2026-01-25,199.2,380.456921751851,0.585862241024132
CUST1,SKU1,DEL-FRA,2026-01-26,197.8,382.8625077150247,0.6534757333381696
CUST1,SKU1,DEL-FRA,2026-01-27,196.2,358.5726661520434,0.5629345090074562
CUST1,SKU1,DEL-FRA,2026-01-28,209.0,478.75349184518353,0.5812822500296553
CUST1,SKU1,DEL-FRA,2026-01-29,182.3,195.36776575899086,0.8849525604784758
CUST1,SKU1,DEL-FRA,2026-01-30,184.2,256.3917340352985,0.7410573132453118
CUST1,SKU1,DEL-FRA,2026-01-31,184.9,222.68395915588968,0.7967590676628252
CUST1,SKU1,DEL-FRA,2026-02-01,260.3,2076.648058614774,0.6361041161782655
CUST1,SKU1,DEL-FRA,2026-02-02,198.9,374.9768246002147,0.6388857091479507
CUST1,SKU1,DEL-FRA,2026-02-03,235.7,896.7102044683152,0.7748627205145386
CUST1,SKU1,DEL-FRA,2026-02-04,201.0,412.9369603581857,0.6735895637022782
CUST1,SKU1,DEL-FRA,2026-02-05,210.1,509.20268743155856,0.49494679391917284
CUST1,SKU1,DEL-FRA,2026-02-06,195.7,319.757966166784,0.7019545271996053
CUST1,SKU1,DEL-FRA,2026-02-07,210.9,560.168892205292,0.4266477147357659
CUST1,SKU1,DEL-FRA,2026-02-08,194.8,367.43574509415697,0.5667447421230088
CUST1,SKU1,DEL-FRA,2026-02-09,240.9,1894.5666200444962,0.9667023043056303
CUST1,SKU1,DEL-FRA,2026-02-10,182.3,192.536507560281,0.9633333821408528
CUST1,SKU1,DEL-FRA,2026-02-11,205.6,429.2015746489853,0.6154905932353834
CUST1,SKU1,DEL-FRA,2026-02-12,184.0,214.57416341637594,0.866401433802094
CUST1,SKU1,DEL-FRA,2026-02-13,177.3,112.56589731737847,0.8130060431838322
CUST1,SKU1,DEL-FRA,2026-02-14,190.7,266.5606252008666,0.6656360627336901
CUST1,SKU1,DEL-FRA,2026-02-15,175.8,119.67087262370637,0.872399932831628
CUST1,SKU1,DEL-FRA,2026-02-16,202.7,427.3088627658546,0.5903066485262027
CUST1,SKU1,DEL-FRA,2026-02-17,194.4,344.8348525082676,0.7193204340335644
CUST1,SKU1,DEL-FRA,2026-02-18,203.7,438.2742259840474,0.6383638442305551
CUST1,SKU1,DEL-FRA,2026-02-19,190.3,287.9404973793094,0.6242521833170374
CUST1,SKU1,DEL-FRA,2026-02-20,200.7,392.37902583894464,0.6462337190358551
CUST1,SKU1,DEL-FRA,2026-02-21,201.3,397.9914202807377,0.6085967298382622
CUST1,SKU1,DEL-FRA,2026-02-22,178.1,160.43519251826,0.9590300327238932
CUST1,SKU1,DEL-FRA,2026-02-23,192.6,300.57462353214163,0.7576153276573522
CUST1,SKU1,DEL-FRA,2026-02-24,197.8,366.95337036447125,0.7079298306680246
CUST1,SKU1,DEL-FRA,2026-02-25,253.3,1032.2375484383488,0.942242271245447
CUST1,SKU1,DEL-FRA,2026-02-26,208.9,488.9587551278275,0.500909616201634
CUST1,SKU1,DEL-FRA,2026-02-27,209.0,460.3412462129875,0.5430899544612626
CUST1,SKU1,DEL-FRA,2026-02-28,178.4,140.95679498461675,0.8997531725409659
CUST1,SKU1,DEL-FRA,2026-03-01,187.1,231.15039242941685,0.8833422600187831
CUST1,SKU2,DEL-FRA,2026-01-01,216.7,2185.8208931664467,0.8469117445346084
CUST1,SKU2,DEL-FRA,2026-01-02,206.7,1829.8063730285976,0.9181608283323004
CUST1,SKU2,DEL-FRA,2026-01-03,171.0,299.5224651186399,0.6563676708449193
CUST1,SKU2,DEL-FRA,2026-01-04,203.9,1867.2218584503685,0.788525905742911
CUST1,SKU2,DEL-FRA,2026-01-05,177.3,399.4991524205432,0.7049911944681848
CUST1,SKU2,DEL-FRA,2026-01-06,164.9,220.46042558707808,0.9629295953902355
CUST1,SKU2,DEL-FRA,2026-01-07,149.6,53.26480710882498,0.426562269395522
CUST1,SKU2,DEL-FRA,2026-01-08,171.3,344.16711205036603,0.7682611560214203
CUST1,SKU2,DEL-FRA,2026-01-09,173.2,271.54581354038197,0.8205128048882354
CUST1,SKU2,DEL-FRA,2026-01-10,221.2,1958.8521111887517,0.8030440672478154
CUST1,SKU2,DEL-FRA,2026-01-11,171.8,327.3197165116224,0.7117561799578447
CUST1,SKU2,DEL-FRA,2026-01-12,148.2,66.89161101426305,0.48959818777690844
CUST1,SKU2,DEL-FRA,2026-01-13,160.2,253.02481796021874,0.8254475849337609
CUST1,SKU2,DEL-FRA,2026-01-14,177.7,401.84408935930895,0.702058810333148
CUST1,SKU2,DEL-FRA,2026-01-15,169.3,312.87453266488893,0.5511823778796454
CUST1,SKU2,DEL-FRA,2026-01-16,215.5,969.2017440955856,0.89368745168874
CUST1,SKU2,DEL-FRA,2026-01-17,160.0,191.8980934719845,0.9867381212620535
CUST1,SKU2,DEL-FRA,2026-01-18,154.9,111.63742871474614,0.7490656370670778
CUST1,SKU2,DEL-FRA,2026-01-19,160.5,202.04254479739035,0.9617545400844998
CUST1,SKU2,DEL-FRA,2026-01-20,165.7,196.66976783020124,0.8333273628732039
CUST1,SKU2,DEL-FRA,2026-01-21,159.4,221.75423989272855,0.8870920944170875
CUST1,SKU2,DEL-FRA,2026-01-22,177.7,422.88323733355804,0.6386354253593411
CUST1,SKU2,DEL-FRA,2026-01-23,174.5,378.5283613763267,0.7375349640943041
CUST1,SKU2,DEL-FRA,2026-01-24,171.2,338.3158443093873,0.6739497254861395
CUST1,SKU2,DEL-FRA,2026-01-25,154.2,135.36061800320715,0.8774064846674903
CUST1,SKU2,DEL-FRA,2026-01-26,163.2,276.6431880236524,0.7604244056330003
CUST1,SKU2,DEL-FRA,2026-01-27,196.8,2220.1562017248625,0.7432069674677341
CUST1,SKU2,DEL-FRA,2026-01-28,169.5,312.8282637779925,0.7685239073233188
CUST1,SKU2,DEL-FRA,2026-01-29,159.9,169.19832584096469,0.9823800655171406
CUST1,SKU2,DEL-FRA,2026-01-30,164.0,285.50080973668145,0.8044894717516309
CUST1,SKU2,DEL-FRA,2026-01-31,149.9,61.34720215021974,0.46946330817525783
CUST1,SKU2,DEL-FRA,2026-02-01,158.4,170.41664856374013,0.9109367774342576
CUST1,SKU2,DEL-FRA,2026-02-02,153.4,137.2897910036175,0.8966150652256232
CUST1,SKU2,DEL-FRA,2026-02-03,153.8,105.42455029180837,0.7206697324044298
CUST1,SKU2,DEL-FRA,2026-02-04,151.6,82.24625044435294,0.6039206633228349
CUST1,SKU2,DEL-FRA,2026-02-05,149.1,59.024571900579474,0.4949608915392878
CUST1,SKU2,DEL-FRA,2026-02-06,195.9,752.4352091315773,0.7315815535413859
CUST1,SKU2,DEL-FRA,2026-02-07,176.3,332.9899857196346,0.7196017156926211
CUST1,SKU2,DEL-FRA,2026-02-08,155.6,146.42805059881061,0.8942028738742066
CUST1,SKU2,DEL-FRA,2026-02-09,161.6,205.81819199341822,0.9309999849508983
CUST1,SKU2,DEL-FRA,2026-02-10,157.8,159.48392210526043,0.9904479460383641
CUST1,SKU2,DEL-FRA,2026-02-11,168.8,285.3670190718387,0.7420403687559448
CUST1,SKU2,DEL-FRA,2026-02-12,165.9,251.29293605274364,0.8189035724303495
CUST1,SKU2,DEL-FRA,2026-02-13,155.4,131.51610249357486,0.8538163011778983
CUST1,SKU2,DEL-FRA,2026-02-14,152.8,94.5910381334757,0.6627062933339241
CUST1,SKU2,DEL-FRA,2026-02-15,164.0,230.61736828677596,0.883690171202411
CUST1,SKU2,DEL-FRA,2026-02-16,194.2,1956.5015333666365,0.6122484287872112
CUST1,SKU2,DEL-FRA,2026-02-17,164.3,271.843333352867,0.8183709652557477
CUST1,SKU2,DEL-FRA,2026-02-18,163.5,221.633997048072,0.9104951755703862
CUST1,SKU2,DEL-FRA,2026-02-19,152.6,98.46657422189332,0.678709928457192
CUST1,SKU2,DEL-FRA,2026-02-20,149.8,34.47380899235128,0.3202264695026207
CUST1,SKU2,DEL-FRA,2026-02-21,171.3,332.0652656431392,0.7052954278620093
CUST1,SKU2,DEL-FRA,2026-02-22,219.6,1603.4587061695363,0.8155097435786312
CUST1,SKU2,DEL-FRA,2026-02-23,149.9,40.058941870474484,0.29353843294159665
CUST1,SKU2,DEL-FRA,2026-02-24,154.1,128.2651529284953,0.8334216888974696
CUST1,SKU2,DEL-FRA,2026-02-25,174.9,403.51872013635165,0.6638323955750423
CUST1,SKU2,DEL-FRA,2026-02-26,157.1,145.84488338136953,0.8758849600318945
CUST1,SKU2,DEL-FRA,2026-02-27,164.6,247.16918983230545,0.7825121605306743
CUST1,SKU2,DEL-FRA,2026-02-28,158.2,186.7320524671381,0.9726974479736905
CUST1,SKU2,DEL-FRA,2026-03-01,178.6,407.3458112589213,0.6630632220644374
CUST1,SKU3,DEL-FRA,2026-01-01,163.5,293.2778284375482,0.804893659864691
CUST1,SKU3,DEL-FRA,2026-01-02,158.9,246.10474346870882,0.7933914132711258
CUST1,SKU3,DEL-FRA,2026-01-03,141.5,11.03895018506762,0.09275726496722869
CUST1,SKU3,DEL-FRA,2026-01-04,167.8,364.9493092319173,0.5611019413126166
CUST1,SKU3,DEL-FRA,2026-01-05,158.4,233.78323443042535,0.9046010671263647
CUST1,SKU3,DEL-FRA,2026-01-06,208.4,1038.4751412237333,0.8652757659237721
CUST1,SKU3,DEL-FRA,2026-01-07,143.4,32.76625269606524,0.287278552149158
CUST1,SKU3,DEL-FRA,2026-01-08,146.0,90.95693109963128,0.6574097354236913
CUST1,SKU3,DEL-FRA,2026-01-09,159.0,211.55006547643683,0.9241523025457948
CUST1,SKU3,DEL-FRA,2026-01-10,152.8,181.8210345421577,0.9836113151386776
CUST1,SKU3,DEL-FRA,2026-01-11,154.4,198.2692297678057,0.8851623699607983
CUST1,SKU3,DEL-FRA,2026-01-12,153.4,167.17452673836823,0.9411376528708237
CUST1,SKU3,DEL-FRA,2026-01-13,160.6,290.2213869424385,0.7139634669053763
CUST1,SKU3,DEL-FRA,2026-01-14,170.4,384.7496614089603,0.6940533609523036
CUST1,SKU3,DEL-FRA,2026-01-15,167.5,358.60569127454204,0.5822012403156147
CUST1,SKU3,DEL-FRA,2026-01-16,162.1,278.6320585124303,0.869488079558245
CUST1,SKU3,DEL-FRA,2026-01-17,166.5,352.1312033813036,0.6330209709872088
CUST1,SKU3,DEL-FRA,2026-01-18,141.9,26.236073679670596,0.22806603087343136
CUST1,SKU3,DEL-FRA,2026-01-19,160.9,242.34333147137426,0.8978921179149154
CUST1,SKU3,DEL-FRA,2026-01-20,162.3,325.7672903462947,0.6334334156077686
CUST1,SKU3,DEL-FRA,2026-01-21,213.0,2301.9826103913524,0.7630964300665419
CUST1,SKU3,DEL-FRA,2026-01-22,147.2,80.09600477506211,0.5382931601821794
CUST1,SKU3,DEL-FRA,2026-01-23,209.3,2051.7126708790825,0.9820333039625093
CUST1,SKU3,DEL-FRA,2026-01-24,159.5,257.53524235148967,0.8418686387252728
CUST1,SKU3,DEL-FRA,2026-01-25,145.2,41.7517861092507,0.3321287760744609
CUST1,SKU3,DEL-FRA,2026-01-26,141.8,27.188970511982518,0.22000932848092059
CUST1,SKU3,DEL-FRA,2026-01-27,165.7,350.87358050471533,0.6061356773734037
CUST1,SKU3,DEL-FRA,2026-01-28,168.0,327.5561360689672,0.6280441946649312
CUST1,SKU3,DEL-FRA,2026-01-29,165.5,339.57139379712277,0.7408628734536316
CUST1,SKU3,DEL-FRA,2026-01-30,202.8,1443.571052777165,0.9987044361893342
CUST1,SKU3,DEL-FRA,2026-01-31,156.4,243.67804553531454,0.8754275124240861
CUST1,SKU3,DEL-FRA,2026-02-01,152.6,125.20524915817225,0.779183042989762
CUST1,SKU3,DEL-FRA,2026-02-02,155.1,198.1459394909785,0.9206910454573874
CUST1,SKU3,DEL-FRA,2026-02-03,148.8,99.6744934553771,0.666742497069774
CUST1,SKU3,DEL-FRA,2026-02-04,144.3,92.54957347576305,0.6503383779358642
CUST1,SKU3,DEL-FRA,2026-02-05,148.4,105.86506758324674,0.7282542397386843
CUST1,SKU3,DEL-FRA,2026-02-06,143.8,60.628590101823136,0.43402078645435305
CUST1,SKU3,DEL-FRA,2026-02-07,169.3,274.56677333412955,0.8080407436772016
CUST1,SKU3,DEL-FRA,2026-02-08,169.9,367.26650287994784,0.561883286107524
CUST1,SKU3,DEL-FRA,2026-02-09,142.4,14.426546184291112,0.12339213602361665
CUST1,SKU3,DEL-FRA,2026-02-10,161.6,318.09963534578054,0.6438981112926065
CUST1,SKU3,DEL-FRA,2026-02-11,166.5,343.6609770450796,0.7278923540684112
CUST1,SKU3,DEL-FRA,2026-02-12,157.6,244.61111744448868,0.9137473153702118
CUST1,SKU3,DEL-FRA,2026-02-13,157.9,219.50791718913314,0.8560060715704751
CUST1,SKU3,DEL-FRA,2026-02-14,203.3,752.7338115978969,0.9606159531166109
CUST1,SKU3,DEL-FRA,2026-02-15,152.4,206.21315464702042,0.955754697057414
CUST1,SKU3,DEL-FRA,2026-02-16,155.2,193.41571437537658,0.9931298734392914
CUST1,SKU3,DEL-FRA,2026-02-17,153.5,172.76431958494226,0.8726828128164383
CUST1,SKU3,DEL-FRA,2026-02-18,149.8,105.14382927324584,0.7119318118379567
CUST1,SKU3,DEL-FRA,2026-02-19,152.6,163.24721797638148,0.9755517629175072
CUST1,SKU3,DEL-FRA,2026-02-20,170.0,370.29427120484826,0.5859032401380371
CUST1,SKU3,DEL-FRA,2026-02-21,192.0,1883.9432550534584,0.70966465477914
CUST1,SKU3,DEL-FRA,2026-02-22,146.3,103.54891243928728,0.7143082728812047
CUST1,SKU3,DEL-FRA,2026-02-23,156.4,214.01513945630205,0.9461542205364416
CUST1,SKU3,DEL-FRA,2026-02-24,170.4,403.0886606121473,0.6312888313256058
CUST1,SKU3,DEL-FRA,2026-02-25,167.4,349.2406293307518,0.7369548765899103
CUST1,SKU3,DEL-FRA,2026-02-26,142.4,28.506912849546666,0.2401619606392026
CUST1,SKU3,DEL-FRA,2026-02-27,149.4,99.23976615863523,0.6279694739375976
CUST1,SKU3,DEL-FRA,2026-02-28,147.6,74.31875655165595,0.5496711360996676
CUST1,SKU3,DEL-FRA,2026-03-01,158.5,216.06847866648633,0.954992304761436
CUST1,SKU4,DEL-FRA,2026-01-01,159.0,1156.6962041973763,0.9776149552873845
CUST1,SKU4,DEL-FRA,2026-01-02,156.7,1221.3771257202013,0.8461266480287541
CUST1,SKU4,DEL-FRA,2026-01-03,160.6,1910.8963622513347,0.9760015463605132
CUST1,SKU4,DEL-FRA,2026-01-04,111.1,-29.390959056003965,0.0
CUST1,SKU4,DEL-FRA,2026-01-05,121.3,97.59531805420744,0.6632438792706539
CUST1,SKU4,DEL-FRA,2026-01-06,144.0,1649.6673272140604,0.42080692570424727
CUST1,SKU4,DEL-FRA,2026-01-07,111.5,-28.861921679035675,0.0
CUST1,SKU4,DEL-FRA,2026-01-08,123.4,180.27271613765038,0.995923785942353
CUST1,SKU4,DEL-FRA,2026-01-09,127.0,173.76535247318373,0.9761360518733425
CUST1,SKU4,DEL-FRA,2026-01-10,109.0,-82.75952278814262,0.0
CUST1,SKU4,DEL-FRA,2026-01-11,111.1,34.62501551769378,0.2943405084241528
CUST1,SKU4,DEL-FRA,2026-01-12,126.0,217.1550962713598,0.9215570793656201
CUST1,SKU4,DEL-FRA,2026-01-13,127.0,230.9500074613066,0.8339812023567026
CUST1,SKU4,DEL-FRA,2026-01-14,116.4,60.21973301935083,0.47675915309217365
CUST1,SKU4,DEL-FRA,2026-01-15,112.0,6.934976506858277,0.060736019330828395
CUST1,SKU4,DEL-FRA,2026-01-16,111.1,-24.54089781716766,0.0
CUST1,SKU4,DEL-FRA,2026-01-17,107.9,-97.68009132694951,0.0
CUST1,SKU4,DEL-FRA,2026-01-18,107.5,-66.69720375333299,0.0
CUST1,SKU4,DEL-FRA,2026-01-19,111.1,-33.11669798673557,0.0
CUST1,SKU4,DEL-FRA,2026-01-20,117.9,110.61542187777297,0.7789449722807593
CUST1,SKU4,DEL-FRA,2026-01-21,128.9,267.0161058941473,0.7699677830407194
CUST1,SKU4,DEL-FRA,2026-01-22,120.3,119.16396778789004,0.7379242235131
CUST1,SKU4,DEL-FRA,2026-01-23,128.6,131.009792356133,0.774600985249549
CUST1,SKU4,DEL-FRA,2026-01-24,149.1,896.2773005826668,0.7737656006866559
CUST1,SKU4,DEL-FRA,2026-01-25,111.3,-39.6284287821947,0.0
CUST1,SKU4,DEL-FRA,2026-01-26,142.3,949.1680877311669,0.31748473961257206
CUST1,SKU4,DEL-FRA,2026-01-27,121.2,121.46096973759956,0.7559106283857867
CUST1,SKU4,DEL-FRA,2026-01-28,108.4,-48.2208730582218,0.0
CUST1,SKU4,DEL-FRA,2026-01-29,127.0,192.3267580548108,0.9780724686253632
CUST1,SKU4,DEL-FRA,2026-01-30,108.5,-81.0143123586233,0.0
CUST1,SKU4,DEL-FRA,2026-01-31,118.6,72.01317048218112,0.5036627127913171
CUST1,SKU4,DEL-FRA,2026-02-01,145.0,1792.325319848208,0.45581049484590574
CUST1,SKU4,DEL-FRA,2026-02-02,124.7,188.55278187099594,0.9811592848972809
CUST1,SKU4,DEL-FRA,2026-02-03,118.4,99.621239393162,0.649632451976101
CUST1,SKU4,DEL-FRA,2026-02-04,128.0,244.90596308568257,0.7830234799011248
CUST1,SKU4,DEL-FRA,2026-02-05,123.6,167.0071331446331,0.9186496107192664
CUST1,SKU4,DEL-FRA,2026-02-06,109.1,-61.421505093469875,0.0
CUST1,SKU4,DEL-FRA,2026-02-07,122.4,144.49291111094766,0.8773993320959899
CUST1,SKU4,DEL-FRA,2026-02-08,141.3,351.8644470247944,0.6746861086027464
CUST1,SKU4,DEL-FRA,2026-02-09,127.3,163.17060388109826,0.9316603041567628
CUST1,SKU4,DEL-FRA,2026-02-10,117.6,108.94779397204184,0.6418342254410058
CUST1,SKU4,DEL-FRA,2026-02-11,121.1,159.72401128227443,0.9661387163503734
CUST1,SKU4,DEL-FRA,2026-02-12,153.6,1905.0671853753101,0.9363062895760361
CUST1,SKU4,DEL-FRA,2026-02-13,121.9,125.93156482301197,0.8623932343420089
CUST1,SKU4,DEL-FRA,2026-02-14,129.6,234.50832178786044,0.8212151097808158
CUST1,SKU4,DEL-FRA,2026-02-15,113.2,-0.34920763121181153,0.0
CUST1,SKU4,DEL-FRA,2026-02-16,110.7,-58.168778256139944,0.0
CUST1,SKU4,DEL-FRA,2026-02-17,117.5,60.27066290256187,0.47489876537990994
CUST1,SKU4,DEL-FRA,2026-02-18,107.9,-55.057129870513734,0.0
CUST1,SKU4,DEL-FRA,2026-02-19,125.3,144.8145195198215,0.8521266059955989
CUST1,SKU4,DEL-FRA,2026-02-20,120.4,164.43736534625333,0.9873739454220072
CUST1,SKU4,DEL-FRA,2026-02-21,120.2,95.41633068287803,0.6443298193200948
CUST1,SKU4,DEL-FRA,2026-02-22,127.7,169.447302528261,0.9673553769463542
CUST1,SKU4,DEL-FRA,2026-02-23,107.6,-83.16946110878237,0.0
CUST1,SKU4,DEL-FRA,2026-02-24,117.6,70.17263986399831,0.45647875625055834
CUST1,SKU4,DEL-FRA,2026-02-25,121.4,72.37663909384975,0.507180299652427
CUST1,SKU4,DEL-FRA,2026-02-26,108.1,-67.1470921081268,0.0
CUST1,SKU4,DEL-FRA,2026-02-27,116.4,71.56583705948424,0.5199449424538316
CUST1,SKU4,DEL-FRA,2026-02-28,150.8,1525.3767347040223,0.6076968842570327
CUST1,SKU4,DEL-FRA,2026-03-01,111.9,-21.162252727868918,0.0
CUST1,SKU5,DEL-FRA,2026-01-01,150.1,316.2631878803149,0.6472070316297592
CUST1,SKU5,DEL-FRA,2026-01-02,136.6,106.88276043720299,0.7046996957405303
CUST1,SKU5,DEL-FRA,2026-01-03,144.3,225.9363963140102,0.9000389663057422
CUST1,SKU5,DEL-FRA,2026-01-04,147.1,284.0753053929788,0.8295446172241161
CUST1,SKU5,DEL-FRA,2026-01-05,139.3,125.80437369511691,0.8347431710199673
CUST1,SKU5,DEL-FRA,2026-01-06,188.6,1762.2335203130965,0.9373487696675933
CUST1,SKU5,DEL-FRA,2026-01-07,176.2,1198.5989633473184,0.8145928745141742
CUST1,SKU5,DEL-FRA,2026-01-08,130.2,37.66033513988771,0.31080146486913207
CUST1,SKU5,DEL-FRA,2026-01-09,142.6,219.93528306536024,0.999579159722562
CUST1,SKU5,DEL-FRA,2026-01-10,129.5,22.39391944667983,0.1826622276087898
CUST1,SKU5,DEL-FRA,2026-01-11,143.9,195.00028942088812,0.9152349223461396
CUST1,SKU5,DEL-FRA,2026-01-12,132.9,43.93334651002232,0.3284551202965681
CUST1,SKU5,DEL-FRA,2026-01-13,131.7,56.06096155237452,0.381086806793401
CUST1,SKU5,DEL-FRA,2026-01-14,139.9,157.25529120589033,0.8558434803817284
CUST1,SKU5,DEL-FRA,2026-01-15,127.1,-17.604200327491526,0.0
CUST1,SKU5,DEL-FRA,2026-01-16,141.0,161.9885206705885,0.9504827193462736
CUST1,SKU5,DEL-FRA,2026-01-17,136.8,128.74241250049988,0.7452935419678525
CUST1,SKU5,DEL-FRA,2026-01-18,135.8,164.35881276308965,0.968516297959829
CUST1,SKU5,DEL-FRA,2026-01-19,132.1,63.77115964713079,0.45833424817392376
CUST1,SKU5,DEL-FRA,2026-01-20,147.4,290.41317214429097,0.8085744000653791
CUST1,SKU5,DEL-FRA,2026-01-21,134.8,153.19178049147934,0.9505408026326049
CUST1,SKU5,DEL-FRA,2026-01-22,169.3,1937.1412052876221,0.5603260768183957
CUST1,SKU5,DEL-FRA,2026-01-23,136.2,99.59466299958746,0.7941512326382592
CUST1,SKU5,DEL-FRA,2026-01-24,129.5,17.539688169050578,0.15666003432148645
CUST1,SKU5,DEL-FRA,2026-01-25,131.6,25.927314981472534,0.2165826563465969
CUST1,SKU5,DEL-FRA,2026-01-26,134.0,64.69644042557775,0.5077199919194317
CUST1,SKU5,DEL-FRA,2026-01-27,136.2,127.04520051905155,0.7239878005350812
CUST1,SKU5,DEL-FRA,2026-01-28,151.0,269.57177595478794,0.6983267462240939
CUST1,SKU5,DEL-FRA,2026-01-29,172.3,869.404023511255,0.7266511920583583
CUST1,SKU5,DEL-FRA,2026-01-30,127.4,-6.675844242520498,0.0
CUST1,SKU5,DEL-FRA,2026-01-31,144.0,228.54937449600146,0.9704344029445309
CUST1,SKU5,DEL-FRA,2026-02-01,130.4,8.571684613671607,0.0803269191079019
CUST1,SKU5,DEL-FRA,2026-02-02,133.8,79.3589276941712,0.5276182600995512
CUST1,SKU5,DEL-FRA,2026-02-03,176.8,698.0749474187623,0.8283902738899827
CUST1,SKU5,DEL-FRA,2026-02-04,151.0,334.2253522792856,0.6156932339289098
CUST1,SKU5,DEL-FRA,2026-02-05,143.6,234.49934711817474,0.8988153560862276
CUST1,SKU5,DEL-FRA,2026-02-06,131.0,37.94642917945566,0.2982315149128034
CUST1,SKU5,DEL-FRA,2026-02-07,138.8,160.5389817191102,0.9384224833152297
CUST1,SKU5,DEL-FRA,2026-02-08,138.2,210.73437593976843,0.9274569306493812
CUST1,SKU5,DEL-FRA,2026-02-09,128.4,-10.366829728477455,0.0
CUST1,SKU5,DEL-FRA,2026-02-10,150.1,272.85286139106375,0.8028641934746187
CUST1,SKU5,DEL-FRA,2026-02-11,131.7,31.896768723044886,0.24999173830182408
CUST1,SKU5,DEL-FRA,2026-02-12,176.7,1060.482374763595,0.9268664128876892
CUST1,SKU5,DEL-FRA,2026-02-13,167.8,1574.0553152508346,0.4272575690374355
CUST1,SKU5,DEL-FRA,2026-02-14,190.5,2079.2935103072437,0.6898361202612475
CUST1,SKU5,DEL-FRA,2026-02-15,147.5,268.23116637631693,0.6828920732049855
CUST1,SKU5,DEL-FRA,2026-02-16,185.6,1209.0108821835677,0.958059804099936
CUST1,SKU5,DEL-FRA,2026-02-17,132.6,115.8156232778868,0.7389788916621938
CUST1,SKU5,DEL-FRA,2026-02-18,129.0,13.529747315140185,0.11406340754440958
CUST1,SKU5,DEL-FRA,2026-02-19,182.3,1296.8407834184645,0.8444815719832159
CUST1,SKU5,DEL-FRA,2026-02-20,137.1,139.1425570318499,0.8433643479198397
CUST1,SKU5,DEL-FRA,2026-02-21,149.0,296.25612364382863,0.6915408193242703
CUST1,SKU5,DEL-FRA,2026-02-22,189.1,2017.0477645768756,0.7785207864387916
CUST1,SKU5,DEL-FRA,2026-02-23,146.1,286.59009717997816,0.8278477611643528
CUST1,SKU5,DEL-FRA,2026-02-24,128.6,38.03899663868191,0.30551748765173314
CUST1,SKU5,DEL-FRA,2026-02-25,184.3,1404.9842572193882,0.9757138686113106
CUST1,SKU5,DEL-FRA,2026-02-26,143.8,210.08293851490515,0.9681099994896525
CUST1,SKU5,DEL-FRA,2026-02-27,126.0,-48.88786918519878,0.0
CUST1,SKU5,DEL-FRA,2026-02-28,146.7,221.38944974121927,0.936734418213398
CUST1,SKU5,DEL-FRA,2026-03-01,135.6,95.69788363462146,0.627142982267015
CUST1,SKU1,DEL-MUM,2026-01-01,177.6,329.5524660585584,0.636432991732126
CUST1,SKU1,DEL-MUM,2026-01-02,169.7,229.75821972663226,0.835920710384889
CUST1,SKU1,DEL-MUM,2026-01-03,166.1,202.57347025850964,0.9855679522222814
CUST1,SKU1,DEL-MUM,2026-01-04,179.0,297.18869528786814,0.7838338466485161
CUST1,SKU1,DEL-MUM,2026-01-05,172.2,272.6465419281796,0.7897673197516806
CUST1,SKU1,DEL-MUM,2026-01-06,154.3,67.08463057924826,0.5128206659463281
CUST1,SKU1,DEL-MUM,2026-01-07,185.0,467.1945991283049,0.6843447176953277
CUST1,SKU1,DEL-MUM,2026-01-08,177.1,353.47502694004794,0.6567851679845811
CUST1,SKU1,DEL-MUM,2026-01-09,177.1,297.8010478201057,0.775472971711292
CUST1,SKU1,DEL-MUM,2026-01-10,175.5,352.0169312516728,0.6654767294512753
CUST1,SKU1,DEL-MUM,2026-01-11,171.7,239.31950891169976,0.8338149991176871
CUST1,SKU1,DEL-MUM,2026-01-12,175.9,328.5359638402667,0.7882563811757931
CUST1,SKU1,DEL-MUM,2026-01-13,228.5,1091.7101988715033,0.8981683941868186
CUST1,SKU1,DEL-MUM,2026-01-14,155.2,46.49249469389116,0.36736163526995214
CUST1,SKU1,DEL-MUM,2026-01-15,173.1,253.7094563885109,0.8954051480475769
CUST1,SKU1,DEL-MUM,2026-01-16,155.0,39.8871143275187,0.3344122157727102
CUST1,SKU1,DEL-MUM,2026-01-17,177.9,325.13549654130276,0.7532667710513766
CUST1,SKU1,DEL-MUM,2026-01-18,182.6,339.66401731159846,0.6732441346822909
CUST1,SKU1,DEL-MUM,2026-01-19,202.3,2115.643077424124,0.534976283819127
CUST1,SKU1,DEL-MUM,2026-01-20,226.8,1701.8930372386453,0.8755858368590574
CUST1,SKU1,DEL-MUM,2026-01-21,159.7,98.35184536986571,0.6830804503677976
CUST1,SKU1,DEL-MUM,2026-01-22,154.3,33.283331060376554,0.27755010459409324
CUST1,SKU1,DEL-MUM,2026-01-23,157.3,149.35704782340622,0.9606460564161623
CUST1,SKU1,DEL-MUM,2026-01-24,156.2,82.67163305141042,0.547900228789429
CUST1,SKU1,DEL-MUM,2026-01-25,223.0,860.8719317452721,0.9454400760264614
CUST1,SKU1,DEL-MUM,2026-01-26,170.0,229.53359890879705,0.7935963200305527
CUST1,SKU1,DEL-MUM,2026-01-27,158.9,127.93595103356904,0.7744336030096425
CUST1,SKU1,DEL-MUM,2026-01-28,158.8,146.75837275577692,0.8809491807993848
CUST1,SKU1,DEL-MUM,2026-01-29,171.3,290.86955851142085,0.7994264395447859
CUST1,SKU1,DEL-MUM,2026-01-30,174.6,291.94549427041494,0.7852463222954524
CUST1,SKU1,DEL-MUM,2026-01-31,170.3,223.21028806703026,0.8835159099388985
CUST1,SKU1,DEL-MUM,2026-02-01,182.9,360.90534581468074,0.6020239723392965
CUST1,SKU1,DEL-MUM,2026-02-02,165.2,206.76028205644008,0.9375879759205317
CUST1,SKU1,DEL-MUM,2026-02-03,182.2,381.1210927208328,0.5833744424094448
CUST1,SKU1,DEL-MUM,2026-02-04,205.4,1253.2243611374206,0.742859377236978
CUST1,SKU1,DEL-MUM,2026-02-05,176.8,278.7808225933339,0.7447168346124142
CUST1,SKU1,DEL-MUM,2026-02-06,175.6,295.8203271500369,0.6840402288339104
CUST1,SKU1,DEL-MUM,2026-02-07,184.8,487.7993708712601,0.6069187819719051
CUST1,SKU1,DEL-MUM,2026-02-08,230.4,1653.6229373343162,0.7453286001586243
CUST1,SKU1,DEL-MUM,2026-02-09,218.4,1761.3105249852574,0.9774582077371293
CUST1,SKU1,DEL-MUM,2026-02-10,182.6,412.59280924948865,0.5542258793047384
CUST1,SKU1,DEL-MUM,2026-02-11,177.2,348.42025755484843,0.7104609569142097
CUST1,SKU1,DEL-MUM,2026-02-12,157.0,71.65234460727487,0.5358550290725729
CUST1,SKU1,DEL-MUM,2026-02-13,185.3,425.8984435323005,0.5842618062063278
CUST1,SKU1,DEL-MUM,2026-02-14,165.1,169.66087108265782,0.9921457476676795
CUST1,SKU1,DEL-MUM,2026-02-15,226.1,1005.021919599689,0.8902340372259234
CUST1,SKU1,DEL-MUM,2026-02-16,159.0,114.27863856259029,0.8174143077206673
CUST1,SKU1,DEL-MUM,2026-02-17,166.8,201.07392936585535,0.8655340669479276
CUST1,SKU1,DEL-MUM,2026-02-18,205.7,2277.4520935563146,0.7497526398806872
CUST1,SKU1,DEL-MUM,2026-02-19,233.0,1787.9135805779192,0.7739456179524112
CUST1,SKU1,DEL-MUM,2026-02-20,168.0,237.29672119407775,0.8871002118778559
CUST1,SKU1,DEL-MUM,2026-02-21,171.7,287.16027880738187,0.865236454165015
CUST1,SKU1,DEL-MUM,2026-02-22,172.8,254.7651438616328,0.8696091440214357
CUST1,SKU1,DEL-MUM,2026-02-23,221.6,1853.9167456763503,0.814777953076375
CUST1,SKU1,DEL-MUM,2026-02-24,229.0,2246.030804403234,0.750784340114253
CUST1,SKU1,DEL-MUM,2026-02-25,170.4,312.59614629500373,0.6752981000454661
CUST1,SKU1,DEL-MUM,2026-02-26,175.8,312.7428315130049,0.7298764631722442
CUST1,SKU1,DEL-MUM,2026-02-27,158.9,103.37603853650296,0.718983881649049
CUST1,SKU1,DEL-MUM,2026-02-28,170.0,247.36844792996243,0.8414792641826743
CUST1,SKU1,DEL-MUM,2026-03-01,168.7,187.1845509591895,0.9330858701009898
CUST1,SKU2,DEL-MUM,2026-01-01,169.8,232.1071021724004,0.8987552878696281
CUST1,SKU2,DEL-MUM,2026-01-02,169.7,222.61822070377406,0.9680984700514653
CUST1,SKU2,DEL-MUM,2026-01-03,161.6,133.62374607526516,0.8442612341274754
CUST1,SKU2,DEL-MUM,2026-01-04,171.1,240.99479257448223,0.8736240385175007
CUST1,SKU2,DEL-MUM,2026-01-05,158.2,76.1685897479735,0.5501349063140579
CUST1,SKU2,DEL-MUM,2026-01-06,186.5,445.2099544935522,0.5753143549245693
CUST1,SKU2,DEL-MUM,2026-01-07,183.8,407.3716948100071,0.6507601184747329
CUST1,SKU2,DEL-MUM,2026-01-08,229.3,1367.7398580670113,0.7977183351202674
CUST1,SKU2,DEL-MUM,2026-01-09,174.0,291.2624296395722,0.7695330248780556
CUST1,SKU2,DEL-MUM,2026-01-10,158.5,113.77491452335681,0.7997760989746538
CUST1,SKU2,DEL-MUM,2026-01-11,167.8,212.17101397890718,0.9239866520966372
CUST1,SKU2,DEL-MUM,2026-01-12,222.6,895.1483643632666,0.9942468972190236
CUST1,SKU2,DEL-MUM,2026-01-13,234.8,975.6090194273731,0.8526865048390374
CUST1,SKU2,DEL-MUM,2026-01-14,167.4,198.2341843377954,0.999679728983793
CUST1,SKU2,DEL-MUM,2026-01-15,181.8,369.624918659387,0.781366451084028
CUST1,SKU2,DEL-MUM,2026-01-16,180.0,351.9409755627274,0.6277694701834391
CUST1,SKU2,DEL-MUM,2026-01-17,157.7,89.09068498878088,0.6124233261851779
CUST1,SKU2,DEL-MUM,2026-01-18,171.5,254.57584841547924,0.8293737416327677
CUST1,SKU2,DEL-MUM,2026-01-19,185.0,436.3876947460827,0.7474663498765519
CUST1,SKU2,DEL-MUM,2026-01-20,180.1,316.69700676562724,0.6495457093171256
CUST1,SKU2,DEL-MUM,2026-01-21,221.5,1105.4403607153488,0.9971415092222644
CUST1,SKU2,DEL-MUM,2026-01-22,186.0,425.48812490496795,0.5912505344291517
CUST1,SKU2,DEL-MUM,2026-01-23,216.2,1946.2321714474942,0.8991403234932479
CUST1,SKU2,DEL-MUM,2026-01-24,181.5,389.91697795829344,0.6047713395598625
CUST1,SKU2,DEL-MUM,2026-01-25,220.4,1594.3489996764497,0.9381308981659982
CUST1,SKU2,DEL-MUM,2026-01-26,172.0,251.7566848540028,0.8441583931654713
CUST1,SKU2,DEL-MUM,2026-01-27,214.3,784.8925140393508,0.9515265699310737
CUST1,SKU2,DEL-MUM,2026-01-28,162.1,145.40337282120186,0.8071101515125731
CUST1,SKU2,DEL-MUM,2026-01-29,207.7,646.4114940583222,0.7888743026932441
CUST1,SKU2,DEL-MUM,2026-01-30,165.1,162.56496890507486,0.9731413700229833
CUST1,SKU2,DEL-MUM,2026-01-31,172.0,242.3576149822615,0.7884072808432847
CUST1,SKU2,DEL-MUM,2026-02-01,155.8,68.88576068485759,0.5180314306541867
CUST1,SKU2,DEL-MUM,2026-02-02,155.7,75.7717600569784,0.6079444374472763
CUST1,SKU2,DEL-MUM,2026-02-03,170.4,232.7120884455107,0.9606292201307819
CUST1,SKU2,DEL-MUM,2026-02-04,184.1,455.71257670956896,0.6903629618966904
CUST1,SKU2,DEL-MUM,2026-02-05,173.6,258.4207110172983,0.7679339605799517
CUST1,SKU2,DEL-MUM,2026-02-06,175.2,298.0526691700748,0.6385017730701896
CUST1,SKU2,DEL-MUM,2026-02-07,185.8,421.6050647170758,0.6912384273007256
CUST1,SKU2,DEL-MUM,2026-02-08,158.9,102.4852039000844,0.7110081361544955
CUST1,SKU2,DEL-MUM,2026-02-09,186.7,383.8900233188586,0.7333958964112506
CUST1,SKU2,DEL-MUM,2026-02-10,181.4,373.0633056258527,0.5245315201189706
CUST1,SKU2,DEL-MUM,2026-02-11,179.2,323.7077047388621,0.6870320359581685
CUST1,SKU2,DEL-MUM,2026-02-12,167.7,211.4640225158103,0.9236941826659334
CUST1,SKU2,DEL-MUM,2026-02-13,205.2,1807.9477716976198,0.6582645490314993
CUST1,SKU2,DEL-MUM,2026-02-14,210.7,965.6030002271766,0.7922675307118134
CUST1,SKU2,DEL-MUM,2026-02-15,182.4,403.91527817999423,0.6872421704876721
CUST1,SKU2,DEL-MUM,2026-02-16,173.3,270.44764701639923,0.7335757018256444
CUST1,SKU2,DEL-MUM,2026-02-17,168.0,219.65308129587294,0.8806428217768167
CUST1,SKU2,DEL-MUM,2026-02-18,174.7,305.2205571923815,0.7555262911196675
CUST1,SKU2,DEL-MUM,2026-02-19,228.7,2276.849386089346,0.7740368865497327
CUST1,SKU2,DEL-MUM,2026-02-20,170.6,214.80307108217806,0.9404029125741314
CUST1,SKU2,DEL-MUM,2026-02-21,164.8,173.48926993715787,0.965614018686307
CUST1,SKU2,DEL-MUM,2026-02-22,181.6,373.2647324307774,0.5298978380211494
CUST1,SKU2,DEL-MUM,2026-02-23,166.2,242.2139448967693,0.9098264880581135
CUST1,SKU2,DEL-MUM,2026-02-24,216.8,1813.7844822605866,0.9702826429744519
CUST1,SKU2,DEL-MUM,2026-02-25,172.7,279.1051103232076,0.7434048261435817
CUST1,SKU2,DEL-MUM,2026-02-26,208.7,2193.2495269506385,0.8686854286605996
CUST1,SKU2,DEL-MUM,2026-02-27,169.9,278.5779095569557,0.7986915624782566
CUST1,SKU2,DEL-MUM,2026-02-28,182.4,348.35170527173244,0.748269302443208
CUST1,SKU2,DEL-MUM,2026-03-01,182.2,383.906276560917,0.6378712136249595
CUST1,SKU3,DEL-MUM,2026-01-01,132.9,238.95155460470022,0.9413880123130123
CUST1,SKU3,DEL-MUM,2026-01-02,127.6,92.82350931673602,0.5803896049801482
CUST1,SKU3,DEL-MUM,2026-01-03,117.0,-2.004455573450798,0.0
CUST1,SKU3,DEL-MUM,2026-01-04,124.4,136.665379952654,0.790808471111309
CUST1,SKU3,DEL-MUM,2026-01-05,112.8,-75.90940086464411,0.0
CUST1,SKU3,DEL-MUM,2026-01-06,126.2,96.2613179761376,0.6126579675814354
CUST1,SKU3,DEL-MUM,2026-01-07,119.6,50.86868913279392,0.40548182066347704
CUST1,SKU3,DEL-MUM,2026-01-08,114.1,-52.95135008139863,0.0
CUST1,SKU3,DEL-MUM,2026-01-09,129.6,191.06602428974003,0.9635841103109171
CUST1,SKU3,DEL-MUM,2026-01-10,135.1,234.40020865230036,0.7228392522153142
CUST1,SKU3,DEL-MUM,2026-01-11,123.0,95.2294552440049,0.6798250797387931
CUST1,SKU3,DEL-MUM,2026-01-12,123.6,116.23289691386287,0.823970357550134
CUST1,SKU3,DEL-MUM,2026-01-13,165.8,1995.6328560681204,0.9773775812969763
CUST1,SKU3,DEL-MUM,2026-01-14,129.3,195.87084156878717,0.9827255252973888
CUST1,SKU3,DEL-MUM,2026-01-15,135.3,333.7306292642998,0.7776712701283538
CUST1,SKU3,DEL-MUM,2026-01-16,169.6,1076.7961403098125,0.9720227679432807
CUST1,SKU3,DEL-MUM,2026-01-17,115.8,-23.244032777071368,0.0
CUST1,SKU3,DEL-MUM,2026-01-18,159.8,1550.6508177712071,0.7708117771956944
CUST1,SKU3,DEL-MUM,2026-01-19,165.2,1543.1304767164152,0.8960297074803353
CUST1,SKU3,DEL-MUM,2026-01-20,117.2,30.559304506579338,0.2568419528683241
CUST1,SKU3,DEL-MUM,2026-01-21,153.1,791.2472877170924,0.6574734280315037
CUST1,SKU3,DEL-MUM,2026-01-22,135.3,269.66238393275063,0.7690532310389924
CUST1,SKU3,DEL-MUM,2026-01-23,126.9,107.43387383256874,0.7909624730651883
CUST1,SKU3,DEL-MUM,2026-01-24,121.6,112.4379682798579,0.7336031267355889
CUST1,SKU3,DEL-MUM,2026-01-25,118.1,24.003997152404395,0.2106606931268623
CUST1,SKU3,DEL-MUM,2026-01-26,124.0,116.82088459427365,0.7223186863518065
CUST1,SKU3,DEL-MUM,2026-01-27,127.2,154.46622462105296,0.8979221165433009
CUST1,SKU3,DEL-MUM,2026-01-28,122.4,70.99866726548146,0.5378223548627021
CUST1,SKU3,DEL-MUM,2026-01-29,121.6,59.995100907577864,0.4585697487745577
CUST1,SKU3,DEL-MUM,2026-01-30,130.0,216.24740700557692,0.8360468589137645
CUST1,SKU3,DEL-MUM,2026-01-31,118.2,8.754289386141352,0.07547407725113875
CUST1,SKU3,DEL-MUM,2026-02-01,133.8,260.43354132559597,0.8536477173422823
CUST1,SKU3,DEL-MUM,2026-02-02,116.4,8.49248792652179,0.07849033936241379
CUST1,SKU3,DEL-MUM,2026-02-03,124.4,119.12860048638919,0.7392971307937755
CUST1,SKU3,DEL-MUM,2026-02-04,156.8,1444.1492402092315,0.7491426483539846
CUST1,SKU3,DEL-MUM,2026-02-05,118.3,31.162887309978544,0.26062263364682214
CUST1,SKU3,DEL-MUM,2026-02-06,119.2,45.11387692374933,0.349751206740313
CUST1,SKU3,DEL-MUM,2026-02-07,129.3,159.0573148083996,0.960451910987492
CUST1,SKU3,DEL-MUM,2026-02-08,118.9,36.911466467162825,0.299783437625193
CUST1,SKU3,DEL-MUM,2026-02-09,122.1,52.437669216029576,0.4253411474151435
CUST1,SKU3,DEL-MUM,2026-02-10,119.4,25.246150046933394,0.18837944549227492
CUST1,SKU3,DEL-MUM,2026-02-11,127.8,199.18720034800998,0.950358702033591
CUST1,SKU3,DEL-MUM,2026-02-12,129.0,186.24405422625597,0.9326235891470186
CUST1,SKU3,DEL-MUM,2026-02-13,165.1,2011.4679086395136,0.9606252708166876
CUST1,SKU3,DEL-MUM,2026-02-14,128.9,118.81992013507119,0.7609380693825554
CUST1,SKU3,DEL-MUM,2026-02-15,134.5,284.5554808030561,0.7147534587921449
CUST1,SKU3,DEL-MUM,2026-02-16,116.3,21.209397309318547,0.17663951475985484
CUST1,SKU3,DEL-MUM,2026-02-17,133.9,270.9836385418035,0.7972903693013145
CUST1,SKU3,DEL-MUM,2026-02-18,152.0,1258.7367591118984,0.447704178798919
CUST1,SKU3,DEL-MUM,2026-02-19,129.3,213.30607011075398,0.8756334391351592
CUST1,SKU3,DEL-MUM,2026-02-20,130.7,211.59057952717632,0.881465718960379
CUST1,SKU3,DEL-MUM,2026-02-21,126.7,159.49223450219557,0.9538546691661103
CUST1,SKU3,DEL-MUM,2026-02-22,124.8,118.96024033570922,0.8167105585404189
CUST1,SKU3,DEL-MUM,2026-02-23,134.8,302.2636255787084,0.7984260995996137
CUST1,SKU3,DEL-MUM,2026-02-24,119.6,62.815175059778824,0.4407104580178032
CUST1,SKU3,DEL-MUM,2026-02-25,126.9,139.18192865288046,0.864817032217444
CUST1,SKU3,DEL-MUM,2026-02-26,113.5,-38.93024751445881,0.0
CUST1,SKU3,DEL-MUM,2026-02-27,120.1,60.91112396646338,0.4422269620092759
CUST1,SKU3,DEL-MUM,2026-02-28,122.4,85.86345157483083,0.5144152689552335
CUST1,SKU3,DEL-MUM,2026-03-01,128.0,148.70456690657545,0.8426526396702703
CUST1,SKU4,DEL-MUM,2026-01-01,100.5,16.730468878573163,0.14593608713147388
CUST1,SKU4,DEL-MUM,2026-01-02,114.3,228.1882914877146,0.7339644844514326
CUST1,SKU4,DEL-MUM,2026-01-03,101.9,1.2210090900171053,0.011784485296821634
CUST1,SKU4,DEL-MUM,2026-01-04,100.7,-23.20601712830984,0.0
CUST1,SKU4,DEL-MUM,2026-01-05,113.9,237.31922588344656,0.7322575967745595
CUST1,SKU4,DEL-MUM,2026-01-06,107.7,86.65906530330926,0.6634349359823065
CUST1,SKU4,DEL-MUM,2026-01-07,106.6,54.41967106308874,0.43597608016981393
CUST1,SKU4,DEL-MUM,2026-01-08,98.1,-73.23897748778066,0.0
CUST1,SKU4,DEL-MUM,2026-01-09,108.9,90.14489916127815,0.5818592351654548
CUST1,SKU4,DEL-MUM,2026-01-10,113.6,269.0926546324643,0.765524264117238
CUST1,SKU4,DEL-MUM,2026-01-11,108.2,172.9027636400118,0.9932745576865393
CUST1,SKU4,DEL-MUM,2026-01-12,111.0,127.85585469989678,0.7626068778609408
CUST1,SKU4,DEL-MUM,2026-01-13,129.3,1074.2294976986964,0.4266111304202328
CUST1,SKU4,DEL-MUM,2026-01-14,111.2,191.84791119047492,0.8787744947329987
CUST1,SKU4,DEL-MUM,2026-01-15,99.9,-32.923849704250586,0.0
CUST1,SKU4,DEL-MUM,2026-01-16,102.4,41.474622534882826,0.32578236230016255
CUST1,SKU4,DEL-MUM,2026-01-17,110.6,175.99504136592532,0.9183613764718699
CUST1,SKU4,DEL-MUM,2026-01-18,102.4,65.98613982811281,0.5091341718580829
CUST1,SKU4,DEL-MUM,2026-01-19,141.8,1828.7078288895468,0.9463064948652916
CUST1,SKU4,DEL-MUM,2026-01-20,111.5,197.8249461367413,0.8306212056649168
CUST1,SKU4,DEL-MUM,2026-01-21,104.9,66.33303298471537,0.4732157140698364
CUST1,SKU4,DEL-MUM,2026-01-22,104.8,94.28974456313159,0.6057368952834068
CUST1,SKU4,DEL-MUM,2026-01-23,98.2,-62.86722176938582,0.0
CUST1,SKU4,DEL-MUM,2026-01-24,140.9,1915.4624115870884,0.9333359060994411
CUST1,SKU4,DEL-MUM,2026-01-25,105.2,66.7054878566264,0.5143735498962032
CUST1,SKU4,DEL-MUM,2026-01-26,101.1,-1.1136679145544122,0.0
CUST1,SKU4,DEL-MUM,2026-01-27,99.6,-49.643047503920286,0.0
CUST1,SKU4,DEL-MUM,2026-01-28,112.0,205.7910005265689,0.821567738488368
CUST1,SKU4,DEL-MUM,2026-01-29,107.1,92.35427564106993,0.6510644108348682
CUST1,SKU4,DEL-MUM,2026-01-30,103.5,72.64987539960185,0.5680554305776936
CUST1,SKU4,DEL-MUM,2026-01-31,105.8,54.63972065059244,0.4188883466527227
CUST1,SKU4,DEL-MUM,2026-02-01,97.1,-98.28925186505174,0.0
CUST1,SKU4,DEL-MUM,2026-02-02,102.8,-4.046870044723221,0.0
CUST1,SKU4,DEL-MUM,2026-02-03,103.3,3.430418803269731,0.03167787881464923
CUST1,SKU4,DEL-MUM,2026-02-04,101.5,-12.05983029212075,0.0
CUST1,SKU4,DEL-MUM,2026-02-05,97.4,-81.90408335908958,0.0
CUST1,SKU4,DEL-MUM,2026-02-06,108.5,129.6207391220462,0.8036877147445727
CUST1,SKU4,DEL-MUM,2026-02-07,104.4,14.798631312906764,0.13327425652206126
CUST1,SKU4,DEL-MUM,2026-02-08,109.4,153.39669625358982,0.9379858906342872
CUST1,SKU4,DEL-MUM,2026-02-09,101.6,-19.35442224394086,0.0
CUST1,SKU4,DEL-MUM,2026-02-10,96.5,-90.8695285971026,0.0
CUST1,SKU4,DEL-MUM,2026-02-11,132.5,2167.5702119739926,0.7227543444715758
CUST1,SKU4,DEL-MUM,2026-02-12,102.5,-13.17172837834812,0.0
CUST1,SKU4,DEL-MUM,2026-02-13,96.4,-108.28625374056827,0.0
CUST1,SKU4,DEL-MUM,2026-02-14,95.9,-103.2617530265355,0.0
CUST1,SKU4,DEL-MUM,2026-02-15,95.1,-106.67411335178136,0.0
CUST1,SKU4,DEL-MUM,2026-02-16,105.9,70.88658472343997,0.5736201181349994
CUST1,SKU4,DEL-MUM,2026-02-17,99.1,-61.7464880836053,0.0
CUST1,SKU4,DEL-MUM,2026-02-18,98.2,-82.8542984046297,0.0
CUST1,SKU4,DEL-MUM,2026-02-19,110.1,150.80457776904376,0.9777568302594355
CUST1,SKU4,DEL-MUM,2026-02-20,98.7,-30.855195164778934,0.0
CUST1,SKU4,DEL-MUM,2026-02-21,106.1,70.4070769581844,0.5735287478051256
CUST1,SKU4,DEL-MUM,2026-02-22,100.4,12.305290613300485,0.10848487930913708
CUST1,SKU4,DEL-MUM,2026-02-23,133.9,1335.2710330162188,0.44852193771299476
CUST1,SKU4,DEL-MUM,2026-02-24,111.3,183.4071320611726,0.9287191154348486
CUST1,SKU4,DEL-MUM,2026-02-25,103.6,47.34952084119601,0.3689519706236225
CUST1,SKU4,DEL-MUM,2026-02-26,106.1,59.785658665426126,0.4725318507307473
CUST1,SKU4,DEL-MUM,2026-02-27,131.2,851.0161670343587,0.6120384837902642
CUST1,SKU4,DEL-MUM,2026-02-28,138.7,964.9205304511163,0.9562145971528951
CUST1,SKU4,DEL-MUM,2026-03-01,138.1,682.7608315968444,0.8015813045239109
CUST1,SKU5,DEL-MUM,2026-01-01,88.7,-140.73094307085495,0.0
CUST1,SKU5,DEL-MUM,2026-01-02,88.6,-157.10301707046102,0.0
CUST1,SKU5,DEL-MUM,2026-01-03,127.3,565.9526963726282,0.741516769847455
CUST1,SKU5,DEL-MUM,2026-01-04,106.5,237.13148174138888,0.8441472970976908
CUST1,SKU5,DEL-MUM,2026-01-05,104.3,156.47848464647745,0.8873881567478871
CUST1,SKU5,DEL-MUM,2026-01-06,96.5,71.87180803682816,0.5743436261817394
CUST1,SKU5,DEL-MUM,2026-01-07,105.8,208.9601698724337,0.8702677810351012
CUST1,SKU5,DEL-MUM,2026-01-08,97.5,13.290272693626719,0.1173997187653385
CUST1,SKU5,DEL-MUM,2026-01-09,100.0,99.82218455563941,0.6841417951966828
CUST1,SKU5,DEL-MUM,2026-01-10,105.8,218.67610176925683,0.7847356280397907
CUST1,SKU5,DEL-MUM,2026-01-11,96.7,19.403139933287605,0.16623531533365665
CUST1,SKU5,DEL-MUM,2026-01-12,98.9,78.70510699666772,0.5913248873487715
CUST1,SKU5,DEL-MUM,2026-01-13,89.3,-106.30573735903425,0.0
CUST1,SKU5,DEL-MUM,2026-01-14,132.2,1187.109282286379,0.7118988081987971
CUST1,SKU5,DEL-MUM,2026-01-15,103.0,159.67607968387063,0.9627680554669987
CUST1,SKU5,DEL-MUM,2026-01-16,99.7,102.50466756286647,0.7271048169198402
CUST1,SKU5,DEL-MUM,2026-01-17,95.6,27.15169011626665,0.23731156688230393
CUST1,SKU5,DEL-MUM,2026-01-18,96.0,-35.188414925050324,0.0
CUST1,SKU5,DEL-MUM,2026-01-19,98.1,55.49605976720102,0.4238210985492321
CUST1,SKU5,DEL-MUM,2026-01-20,92.1,-63.177946821557725,0.0
CUST1,SKU5,DEL-MUM,2026-01-21,100.7,75.01359803716429,0.557740256404462
CUST1,SKU5,DEL-MUM,2026-01-22,106.5,143.54036941096683,0.8148249083106818
CUST1,SKU5,DEL-MUM,2026-01-23,118.4,693.2494135957845,0.5211130978165739
CUST1,SKU5,DEL-MUM,2026-01-24,97.3,22.59175608724945,0.1950243360845424
CUST1,SKU5,DEL-MUM,2026-01-25,96.0,20.935877604339908,0.1722962751310374
CUST1,SKU5,DEL-MUM,2026-01-26,104.2,135.29368817204517,0.8955673510426316
CUST1,SKU5,DEL-MUM,2026-01-27,116.2,1671.444248592497,0.0
CUST1,SKU5,DEL-MUM,2026-01-28,100.4,70.01088583712902,0.5533909359210573
CUST1,SKU5,DEL-MUM,2026-01-29,90.6,-57.86721043105268,0.0
CUST1,SKU5,DEL-MUM,2026-01-30,97.3,60.18925520788389,0.4855145122793165
CUST1,SKU5,DEL-MUM,2026-01-31,90.7,-90.4020781484503,0.0
CUST1,SKU5,DEL-MUM,2026-02-01,121.2,715.3087432181717,0.626330389006309
CUST1,SKU5,DEL-MUM,2026-02-02,132.4,1400.1222660214667,0.9506230039737815
CUST1,SKU5,DEL-MUM,2026-02-03,116.4,1687.944476055682,0.0
CUST1,SKU5,DEL-MUM,2026-02-04,130.5,1872.7203080274312,0.8524398428926512
CUST1,SKU5,DEL-MUM,2026-02-05,97.3,78.46049713903545,0.6658169920801132
CUST1,SKU5,DEL-MUM,2026-02-06,99.2,111.73640355445781,0.7533616575054921
CUST1,SKU5,DEL-MUM,2026-02-07,99.3,77.54598166988228,0.5577910722065105
CUST1,SKU5,DEL-MUM,2026-02-08,88.9,-139.35770187487614,0.0
CUST1,SKU5,DEL-MUM,2026-02-09,125.3,1851.2314126478782,0.6669865905874945
CUST1,SKU5,DEL-MUM,2026-02-10,118.9,483.74463550381523,0.6301712711099312
CUST1,SKU5,DEL-MUM,2026-02-11,90.4,-99.72423715102934,0.0
CUST1,SKU5,DEL-MUM,2026-02-12,123.1,1102.6184174823206,0.5521367828981367
CUST1,SKU5,DEL-MUM,2026-02-13,98.7,53.275341996150075,0.373490119757272
CUST1,SKU5,DEL-MUM,2026-02-14,125.6,1035.6567447332006,0.710777194790723
CUST1,SKU5,DEL-MUM,2026-02-15,128.2,1761.991121086783,0.7310030257917868
CUST1,SKU5,DEL-MUM,2026-02-16,103.9,123.9038141767561,0.8440661332221797
CUST1,SKU5,DEL-MUM,2026-02-17,106.0,198.9900545274208,0.8265713135642152
CUST1,SKU5,DEL-MUM,2026-02-18,121.7,515.6262008575754,0.703336538348573
CUST1,SKU5,DEL-MUM,2026-02-19,125.9,1257.1642715066505,0.6565771431414753
CUST1,SKU5,DEL-MUM,2026-02-20,99.3,98.28702878489565,0.6936892581808363
CUST1,SKU5,DEL-MUM,2026-02-21,97.0,39.978903211605086,0.33904656849687254
CUST1,SKU5,DEL-MUM,2026-02-22,131.0,1623.381889027535,0.891969437871007
CUST1,SKU5,DEL-MUM,2026-02-23,95.7,16.692369944726465,0.142909597453998
CUST1,SKU5,DEL-MUM,2026-02-24,96.4,63.472407434182855,0.47336300972661394
CUST1,SKU5,DEL-MUM,2026-02-25,119.1,339.4097698143359,0.7370558571210395
CUST1,SKU5,DEL-MUM,2026-02-26,96.3,11.518733421994853,0.10237205763408974
CUST1,SKU5,DEL-MUM,2026-02-27,88.6,-108.46412665591535,0.0
CUST1,SKU5,DEL-MUM,2026-02-28,123.3,2083.679432109331,0.3939517434559565
CUST1,SKU5,DEL-MUM,2026-03-01,98.9,17.339806531246722,0.1478761081659168
CUST1,SKU1,DEL-BLR,2026-01-01,215.3,1294.6351613779052,0.852475389866537
CUST1,SKU1,DEL-BLR,2026-01-02,215.5,1312.4853713434816,0.8924424737150933
CUST1,SKU1,DEL-BLR,2026-01-03,169.7,351.0741752322269,0.7537015915445022
CUST1,SKU1,DEL-BLR,2026-01-04,152.8,102.30591176413446,0.6485055852230668
CUST1,SKU1,DEL-BLR,2026-01-05,216.5,1165.1268660630687,0.8643639818907068
CUST1,SKU1,DEL-BLR,2026-01-06,152.3,98.79679205683277,0.6173051515204936
CUST1,SKU1,DEL-BLR,2026-01-07,157.5,165.77933290385016,0.9913348758801425
CUST1,SKU1,DEL-BLR,2026-01-08,146.4,27.99201285833243,0.2547289050551391
CUST1,SKU1,DEL-BLR,2026-01-09,158.3,152.2524136392217,0.9943108557521634
CUST1,SKU1,DEL-BLR,2026-01-10,148.0,32.81726969428689,0.25638522249263085
CUST1,SKU1,DEL-BLR,2026-01-11,165.6,252.34434135885914,0.8541697404890223
CUST1,SKU1,DEL-BLR,2026-01-12,159.2,236.41059190380082,0.8582545717618566
CUST1,SKU1,DEL-BLR,2026-01-13,162.3,234.40843124712893,0.8927572585357186
CUST1,SKU1,DEL-BLR,2026-01-14,173.5,389.8192358842462,0.5543579246206132
CUST1,SKU1,DEL-BLR,2026-01-15,155.6,150.0046450273104,0.7900761805594831
CUST1,SKU1,DEL-BLR,2026-01-16,160.0,203.19959707667846,0.9561280019536931
CUST1,SKU1,DEL-BLR,2026-01-17,166.5,251.53736319273224,0.8262213006546651
CUST1,SKU1,DEL-BLR,2026-01-18,174.6,370.55675116980257,0.6810061093250939
CUST1,SKU1,DEL-BLR,2026-01-19,206.2,1220.1117645151035,0.97721722309853
CUST1,SKU1,DEL-BLR,2026-01-20,175.7,433.3817042829517,0.651408614363786
CUST1,SKU1,DEL-BLR,2026-01-21,220.3,2271.185202515861,0.6660063491657724
CUST1,SKU1,DEL-BLR,2026-01-22,164.3,224.27191832394652,0.9257129493542728
CUST1,SKU1,DEL-BLR,2026-01-23,164.9,247.30671187516413,0.9411845548813929
CUST1,SKU1,DEL-BLR,2026-01-24,151.1,121.06584329243134,0.7488685489216244
CUST1,SKU1,DEL-BLR,2026-01-25,170.4,325.12114166988925,0.8139362442742983
CUST1,SKU1,DEL-BLR,2026-01-26,171.2,366.3603771612175,0.6382819123754309
CUST1,SKU1,DEL-BLR,2026-01-27,147.0,39.31659950984954,0.3401374313023162
CUST1,SKU1,DEL-BLR,2026-01-28,213.7,1778.245295676013,0.9198198811288785
CUST1,SKU1,DEL-BLR,2026-01-29,157.0,159.07764424270096,0.9185811336148909
CUST1,SKU1,DEL-BLR,2026-01-30,149.9,79.68142206971856,0.5475884098549929
CUST1,SKU1,DEL-BLR,2026-01-31,152.7,117.22707723105083,0.8285084096192165
CUST1,SKU1,DEL-BLR,2026-02-01,147.5,46.62124013646326,0.3484627659007917
CUST1,SKU1,DEL-BLR,2026-02-02,172.4,312.85301744756663,0.723142918495097
CUST1,SKU1,DEL-BLR,2026-02-03,163.3,256.9391464343208,0.7922826238029735
CUST1,SKU1,DEL-BLR,2026-02-04,158.3,195.0994554331474,0.9232178661882767
CUST1,SKU1,DEL-BLR,2026-02-05,151.8,97.00845225588944,0.7371247936877408
CUST1,SKU1,DEL-BLR,2026-02-06,158.4,166.55744358514858,0.9140521083757904
CUST1,SKU1,DEL-BLR,2026-02-07,203.6,2016.10848376686,0.9608224888329322
CUST1,SKU1,DEL-BLR,2026-02-08,148.4,29.569648311355195,0.2681424558238078
CUST1,SKU1,DEL-BLR,2026-02-09,166.0,304.3603177552158,0.6699867654750337
CUST1,SKU1,DEL-BLR,2026-02-10,158.4,169.77697011649775,0.9729867963142327
CUST1,SKU1,DEL-BLR,2026-02-11,159.0,200.23989795229198,0.9571529003669839
CUST1,SKU1,DEL-BLR,2026-02-12,153.6,109.49228351371426,0.7361095082266311
CUST1,SKU1,DEL-BLR,2026-02-13,164.2,258.7849991566657,0.7322251293844234
CUST1,SKU1,DEL-BLR,2026-02-14,195.6,688.1097331652106,0.7171720043792899
CUST1,SKU1,DEL-BLR,2026-02-15,159.0,220.52247888844119,0.8828598110288409
CUST1,SKU1,DEL-BLR,2026-02-16,164.9,277.7396385925079,0.6136562266878068
CUST1,SKU1,DEL-BLR,2026-02-17,171.7,335.7491637405935,0.7106391182606316
CUST1,SKU1,DEL-BLR,2026-02-18,201.6,1402.6081962833125,0.9090589182737115
CUST1,SKU1,DEL-BLR,2026-02-19,165.1,286.93820413383804,0.8229460310619118
CUST1,SKU1,DEL-BLR,2026-02-20,175.3,323.2252852808411,0.8349327233534223
CUST1,SKU1,DEL-BLR,2026-02-21,162.5,225.57711491635592,0.9420098938521183
CUST1,SKU1,DEL-BLR,2026-02-22,171.8,418.0219382824974,0.6073344188228864
CUST1,SKU1,DEL-BLR,2026-02-23,155.3,136.4427807754186,0.8885113975528005
CUST1,SKU1,DEL-BLR,2026-02-24,148.4,42.64922554800205,0.307595860648042
CUST1,SKU1,DEL-BLR,2026-02-25,155.8,146.5930193037094,0.8727769755430578
CUST1,SKU1,DEL-BLR,2026-02-26,171.2,323.3293861753339,0.7318876881241992
CUST1,SKU1,DEL-BLR,2026-02-27,169.6,284.0721833920074,0.7636655673303667
CUST1,SKU1,DEL-BLR,2026-02-28,146.3,53.50167905534357,0.42916068396934803
CUST1,SKU1,DEL-BLR,2026-03-01,148.5,46.59293936968385,0.37677727612422107
CUST1,SKU2,DEL-BLR,2026-01-01,177.4,237.58072558470548,0.8031326942171109
CUST1,SKU2,DEL-BLR,2026-01-02,164.2,117.37041805623198,0.8219896289985025
CUST1,SKU2,DEL-BLR,2026-01-03,172.0,231.05308019668024,0.8446276385076019
CUST1,SKU2,DEL-BLR,2026-01-04,186.1,348.9165484888045,0.6309682931732535
CUST1,SKU2,DEL-BLR,2026-01-05,228.5,1151.6419094500131,0.9571770153739921
CUST1,SKU2,DEL-BLR,2026-01-06,177.8,262.7134523893704,0.8127761726586413
CUST1,SKU2,DEL-BLR,2026-01-07,170.8,159.89952746425746,0.9645406827688807
CUST1,SKU2,DEL-BLR,2026-01-08,244.5,1936.419058671766,0.6465620789767439
CUST1,SKU2,DEL-BLR,2026-01-09,178.0,262.7571811836527,0.6112307257601416
CUST1,SKU2,DEL-BLR,2026-01-10,230.0,2165.8420237104783,0.7235698660759227
CUST1,SKU2,DEL-BLR,2026-01-11,235.2,1166.2851351260563,0.8709434975393637
CUST1,SKU2,DEL-BLR,2026-01-12,192.3,489.57567704335366,0.46397022499412655
CUST1,SKU2,DEL-BLR,2026-01-13,192.5,437.7130181623335,0.5865010127480108
CUST1,SKU2,DEL-BLR,2026-01-14,172.0,177.0443165121785,0.9741279053564919
CUST1,SKU2,DEL-BLR,2026-01-15,166.9,142.74067098853237,0.953767426286029
CUST1,SKU2,DEL-BLR,2026-01-16,241.0,1822.331035757094,0.7680799549366313
CUST1,SKU2,DEL-BLR,2026-01-17,174.6,179.27284468952627,0.918805223763698
CUST1,SKU2,DEL-BLR,2026-01-18,181.5,296.2143247863606,0.8545458012948859
CUST1,SKU2,DEL-BLR,2026-01-19,182.1,248.15085752400438,0.8669508619941064
CUST1,SKU2,DEL-BLR,2026-01-20,172.9,204.304480483198,0.9923712567879462
CUST1,SKU2,DEL-BLR,2026-01-21,225.0,1755.9640255305771,0.9497978707773677
CUST1,SKU2,DEL-BLR,2026-01-22,192.8,404.9781858767354,0.5581893906729998
CUST1,SKU2,DEL-BLR,2026-01-23,192.1,371.8047374399902,0.6275357532357357
CUST1,SKU2,DEL-BLR,2026-01-24,194.5,506.8584612647431,0.6496924285157112
CUST1,SKU2,DEL-BLR,2026-01-25,180.8,267.1221464096856,0.7093019477158797
CUST1,SKU2,DEL-BLR,2026-01-26,212.4,1124.1248420808736,0.6980331534363999
CUST1,SKU2,DEL-BLR,2026-01-27,181.8,319.24859681943514,0.7118663499521448
CUST1,SKU2,DEL-BLR,2026-01-28,186.6,350.3801398158242,0.6346605857693566
CUST1,SKU2,DEL-BLR,2026-01-29,173.1,173.87342503447837,0.9674150926854085
CUST1,SKU2,DEL-BLR,2026-01-30,161.8,64.07501603339728,0.4983796144496683
CUST1,SKU2,DEL-BLR,2026-01-31,180.5,292.67437157241505,0.7238679125326724
CUST1,SKU2,DEL-BLR,2026-02-01,168.9,153.2739029924751,0.874547299607515
CUST1,SKU2,DEL-BLR,2026-02-02,168.1,144.72500834080887,0.9461942016993297
CUST1,SKU2,DEL-BLR,2026-02-03,174.1,214.4785202492888,0.931881590670208
CUST1,SKU2,DEL-BLR,2026-02-04,180.6,230.86866780020938,0.8744664488132481
CUST1,SKU2,DEL-BLR,2026-02-05,162.8,86.07316061460705,0.6436460076675112
CUST1,SKU2,DEL-BLR,2026-02-06,240.0,2502.33065190892,0.6861705841748695
CUST1,SKU2,DEL-BLR,2026-02-07,178.7,258.8834060612923,0.70919663368626
CUST1,SKU2,DEL-BLR,2026-02-08,216.5,1462.0441921930803,0.8826747919592504
CUST1,SKU2,DEL-BLR,2026-02-09,182.8,339.44898506356384,0.6961738097056378
CUST1,SKU2,DEL-BLR,2026-02-10,164.6,89.83024687916765,0.6742985460103919
CUST1,SKU2,DEL-BLR,2026-02-11,169.2,145.52504385707977,0.8560321357191243
CUST1,SKU2,DEL-BLR,2026-02-12,177.2,246.10250877811762,0.7834409879738786
CUST1,SKU2,DEL-BLR,2026-02-13,184.4,378.03012902574204,0.5616337015619338
CUST1,SKU2,DEL-BLR,2026-02-14,181.9,260.72546248239615,0.6875303035792681
CUST1,SKU2,DEL-BLR,2026-02-15,189.3,392.66955477562243,0.666093189300559
CUST1,SKU2,DEL-BLR,2026-02-16,179.7,265.90802724133613,0.6920430813904512
CUST1,SKU2,DEL-BLR,2026-02-17,174.6,198.89097564109994,0.9866408314807332
CUST1,SKU2,DEL-BLR,2026-02-18,245.0,953.9104315115469,0.9573045131140298
CUST1,SKU2,DEL-BLR,2026-02-19,173.3,217.89384185710713,0.9839169141043417
CUST1,SKU2,DEL-BLR,2026-02-20,180.4,322.6513401638653,0.7423659297747527
CUST1,SKU2,DEL-BLR,2026-02-21,180.2,279.9452006343758,0.7611363233409751
CUST1,SKU2,DEL-BLR,2026-02-22,181.8,324.6549130566295,0.6809115537016834
CUST1,SKU2,DEL-BLR,2026-02-23,178.5,254.876321016561,0.8353022422707144
CUST1,SKU2,DEL-BLR,2026-02-24,162.1,115.84623208242243,0.8030184297250014
CUST1,SKU2,DEL-BLR,2026-02-25,182.3,311.6788573170955,0.7891253190270175
CUST1,SKU2,DEL-BLR,2026-02-26,162.0,66.93093791026496,0.5236824277071068
CUST1,SKU2,DEL-BLR,2026-02-27,171.2,191.11524564669884,0.970714166436956
CUST1,SKU2,DEL-BLR,2026-02-28,174.2,212.75874154246827,0.8809060673014724
CUST1,SKU2,DEL-BLR,2026-03-01,217.6,1262.0806752969927,0.8412280766349467
CUST1,SKU3,DEL-BLR,2026-01-01,210.8,386.66713139666393,0.6169773500055646
CUST1,SKU3,DEL-BLR,2026-01-02,193.2,197.8376764856991,0.7632961182214798
CUST1,SKU3,DEL-BLR,2026-01-03,223.5,585.2024487903941,0.49733472657675193
CUST1,SKU3,DEL-BLR,2026-01-04,196.2,217.2788760316758,0.8605393983088694
CUST1,SKU3,DEL-BLR,2026-01-05,203.4,351.22678680097664,0.6603208935866227
CUST1,SKU3,DEL-BLR,2026-01-06,223.5,520.6663362669547,0.5746551379076037
CUST1,SKU3,DEL-BLR,2026-01-07,221.8,469.10361912538457,0.5710531065164512
CUST1,SKU3,DEL-BLR,2026-01-08,215.6,451.15346377598513,0.6103065555244818
CUST1,SKU3,DEL-BLR,2026-01-09,199.4,260.4163997530347,0.7076049061625753
CUST1,SKU3,DEL-BLR,2026-01-10,277.9,2040.692776849974,0.6351155258342462
CUST1,SKU3,DEL-BLR,2026-01-11,188.2,156.039750003956,0.9929086424481326
CUST1,SKU3,DEL-BLR,2026-01-12,218.7,401.5429349324666,0.4929743485366943
CUST1,SKU3,DEL-BLR,2026-01-13,192.9,209.58304893692838,0.8494604429372905
CUST1,SKU3,DEL-BLR,2026-01-14,212.4,396.985527023178,0.4552958298100731
CUST1,SKU3,DEL-BLR,2026-01-15,224.3,492.6811176597989,0.6106331797057833
CUST1,SKU3,DEL-BLR,2026-01-16,257.9,1201.5944910100998,0.9994960064518768
CUST1,SKU3,DEL-BLR,2026-01-17,211.6,391.7927233369301,0.6038058575885941
CUST1,SKU3,DEL-BLR,2026-01-18,194.8,226.76787703106294,0.8641096081920856
CUST1,SKU3,DEL-BLR,2026-01-19,210.8,431.3261174777511,0.6913648044502645
CUST1,SKU3,DEL-BLR,2026-01-20,219.9,449.8515197261261,0.6180271796101304
CUST1,SKU3,DEL-BLR,2026-01-21,203.1,305.81387721914547,0.5516689582762391
CUST1,SKU3,DEL-BLR,2026-01-22,214.3,406.61858415141245,0.4715145691903685
CUST1,SKU3,DEL-BLR,2026-01-23,281.2,1765.0473580694738,0.8127174777823561
CUST1,SKU3,DEL-BLR,2026-01-24,193.7,206.59760040075588,0.8501978092730305
CUST1,SKU3,DEL-BLR,2026-01-25,205.7,331.8105465007662,0.6895174002296003
CUST1,SKU3,DEL-BLR,2026-01-26,194.8,219.15277373836847,0.7772840569644566
CUST1,SKU3,DEL-BLR,2026-01-27,216.5,458.3290353170027,0.5808118836022111
CUST1,SKU3,DEL-BLR,2026-01-28,223.1,497.40807001339243,0.514724067112605
CUST1,SKU3,DEL-BLR,2026-01-29,187.2,139.942445493055,0.9937357823961993
CUST1,SKU3,DEL-BLR,2026-01-30,189.8,176.01474485397512,0.8410356077593577
CUST1,SKU3,DEL-BLR,2026-01-31,200.8,267.327179448761,0.6644961166003736
CUST1,SKU3,DEL-BLR,2026-02-01,226.0,508.9925678486995,0.4622742093126214
CUST1,SKU3,DEL-BLR,2026-02-02,218.5,463.9680803190276,0.48453629719307556
CUST1,SKU3,DEL-BLR,2026-02-03,279.5,2280.472113636272,0.6005492556985381
CUST1,SKU3,DEL-BLR,2026-02-04,225.7,524.3091098912073,0.4744789248443366
CUST1,SKU3,DEL-BLR,2026-02-05,249.5,2150.2328914889194,0.8922082492792198
CUST1,SKU3,DEL-BLR,2026-02-06,187.9,145.23251386788968,0.9556139110713922
CUST1,SKU3,DEL-BLR,2026-02-07,189.9,176.89729543772074,0.9354508636817583
CUST1,SKU3,DEL-BLR,2026-02-08,225.3,550.0157469474862,0.4586586584857272
CUST1,SKU3,DEL-BLR,2026-02-09,226.0,549.0021555237324,0.5739299801181752
CUST1,SKU3,DEL-BLR,2026-02-10,198.3,246.28721967898497,0.7266879967459565
CUST1,SKU3,DEL-BLR,2026-02-11,250.3,689.60839295609,0.707120622960428
CUST1,SKU3,DEL-BLR,2026-02-12,206.0,328.18109208901336,0.807429006075328
CUST1,SKU3,DEL-BLR,2026-02-13,284.0,2417.7263431365113,0.6542945296849614
CUST1,SKU3,DEL-BLR,2026-02-14,204.6,290.9659212485781,0.7629882123953979
CUST1,SKU3,DEL-BLR,2026-02-15,216.0,446.11919347387203,0.5222472159969574
CUST1,SKU3,DEL-BLR,2026-02-16,203.3,273.80308816410417,0.7020860399416932
CUST1,SKU3,DEL-BLR,2026-02-17,188.9,143.53611450370977,0.887372619603674
CUST1,SKU3,DEL-BLR,2026-02-18,191.4,175.8058510423935,0.8938519180149345
CUST1,SKU3,DEL-BLR,2026-02-19,194.7,256.5225672460048,0.817330389942514
CUST1,SKU3,DEL-BLR,2026-02-20,218.7,476.1355023911423,0.6236663099375475
CUST1,SKU3,DEL-BLR,2026-02-21,193.0,207.9233856061732,0.8069242804082112
CUST1,SKU3,DEL-BLR,2026-02-22,196.5,228.7222134071705,0.8354455889047236
CUST1,SKU3,DEL-BLR,2026-02-23,219.3,448.42474877721617,0.6209780692814033
CUST1,SKU3,DEL-BLR,2026-02-24,221.7,510.8847839418025,0.6239871636246812
CUST1,SKU3,DEL-BLR,2026-02-25,189.4,157.90563386950515,0.8917548726089711
CUST1,SKU3,DEL-BLR,2026-02-26,198.8,255.74597277408958,0.7039239997363649
CUST1,SKU3,DEL-BLR,2026-02-27,223.3,545.3618933362009,0.5750756260632586
CUST1,SKU3,DEL-BLR,2026-02-28,221.7,498.13924227990645,0.5682073566559828
CUST1,SKU3,DEL-BLR,2026-03-01,258.5,1396.1716507162719,0.8955241358181513
CUST1,SKU4,DEL-BLR,2026-01-01,106.5,34.39351090556488,0.27544751801135847
CUST1,SKU4,DEL-BLR,2026-01-02,126.5,1985.1030067638599,0.0
CUST1,SKU4,DEL-BLR,2026-01-03,102.0,-26.039371503319614,0.0
CUST1,SKU4,DEL-BLR,2026-01-04,103.6,20.781643351384957,0.1707411311858309
CUST1,SKU4,DEL-BLR,2026-01-05,109.7,154.65164318552036,0.9134676891196591
CUST1,SKU4,DEL-BLR,2026-01-06,108.4,118.95995493730305,0.7474244756452365
CUST1,SKU4,DEL-BLR,2026-01-07,99.4,-36.524195616683585,0.0
CUST1,SKU4,DEL-BLR,2026-01-08,138.9,1181.9243335886179,0.735805602053001
CUST1,SKU4,DEL-BLR,2026-01-09,109.0,141.95591795044538,0.883110965203361
CUST1,SKU4,DEL-BLR,2026-01-10,95.8,-119.70522663748483,0.0
CUST1,SKU4,DEL-BLR,2026-01-11,98.1,-82.36736055800588,0.0
CUST1,SKU4,DEL-BLR,2026-01-12,101.2,-6.236938769616472,0.0
CUST1,SKU4,DEL-BLR,2026-01-13,136.9,1895.6312884422427,0.730504138269403
CUST1,SKU4,DEL-BLR,2026-01-14,111.9,140.94128521567336,0.9441730823768129
CUST1,SKU4,DEL-BLR,2026-01-15,139.4,1940.952821534377,0.7593822123974665
CUST1,SKU4,DEL-BLR,2026-01-16,109.9,111.21145448793811,0.7153113577527404
CUST1,SKU4,DEL-BLR,2026-01-17,100.3,-19.728561841746057,0.0
CUST1,SKU4,DEL-BLR,2026-01-18,126.7,479.30348032452986,0.6272040727173877
CUST1,SKU4,DEL-BLR,2026-01-19,109.0,178.30938534955112,0.9646681542600579
CUST1,SKU4,DEL-BLR,2026-01-20,106.8,82.22164174403878,0.5922348569849722
CUST1,SKU4,DEL-BLR,2026-01-21,105.5,73.24838200474073,0.5117853924140309
CUST1,SKU4,DEL-BLR,2026-01-22,96.7,-45.77637540342454,0.0
CUST1,SKU4,DEL-BLR,2026-01-23,96.4,-97.62991704720716,0.0
CUST1,SKU4,DEL-BLR,2026-01-24,104.4,86.38385631100056,0.6297527190743152
CUST1,SKU4,DEL-BLR,2026-01-25,104.6,84.29676448952421,0.622723866839211
CUST1,SKU4,DEL-BLR,2026-01-26,104.6,107.74420137728248,0.7491432535783377
CUST1,SKU4,DEL-BLR,2026-01-27,100.1,-53.00936492755477,0.0
CUST1,SKU4,DEL-BLR,2026-01-28,103.0,9.035335275457157,0.08077951220410318
CUST1,SKU4,DEL-BLR,2026-01-29,129.7,1364.0014400320424,0.5042961087473948
CUST1,SKU4,DEL-BLR,2026-01-30,108.0,99.43838304071733,0.7146996657960735
CUST1,SKU4,DEL-BLR,2026-01-31,114.2,229.1837927740791,0.7816042712461585
CUST1,SKU4,DEL-BLR,2026-02-01,104.1,69.84505718758999,0.5305924547613948
CUST1,SKU4,DEL-BLR,2026-02-02,125.9,853.916052709513,0.5031467585636631
CUST1,SKU4,DEL-BLR,2026-02-03,101.8,-14.177880877665928,0.0
CUST1,SKU4,DEL-BLR,2026-02-04,105.6,17.04439225814815,0.1371050421492973
CUST1,SKU4,DEL-BLR,2026-02-05,95.7,-108.08602604354795,0.0
CUST1,SKU4,DEL-BLR,2026-02-06,100.4,12.765325907859165,0.11137190869552183
CUST1,SKU4,DEL-BLR,2026-02-07,100.9,-14.344667835611347,0.0
CUST1,SKU4,DEL-BLR,2026-02-08,144.5,2057.747512759212,0.9892441738250914
CUST1,SKU4,DEL-BLR,2026-02-09,141.3,1996.8105334049592,0.9720113102876342
CUST1,SKU4,DEL-BLR,2026-02-10,126.5,1158.2591346970735,0.3358342241118514
CUST1,SKU4,DEL-BLR,2026-02-11,113.6,221.75531123838,0.9059138978552752
CUST1,SKU4,DEL-BLR,2026-02-12,130.2,449.96440078021107,0.8950431680011474
CUST1,SKU4,DEL-BLR,2026-02-13,110.8,170.91030485260876,0.9796094212737816
CUST1,SKU4,DEL-BLR,2026-02-14,114.5,217.90140713891896,0.8023281566651862
CUST1,SKU4,DEL-BLR,2026-02-15,133.3,1894.0170926510755,0.7867375611410621
CUST1,SKU4,DEL-BLR,2026-02-16,106.8,101.60457001849977,0.644337119627603
CUST1,SKU4,DEL-BLR,2026-02-17,100.8,-10.528087068156765,0.0
CUST1,SKU4,DEL-BLR,2026-02-18,136.2,1986.47112167778,0.7397790605690048
CUST1,SKU4,DEL-BLR,2026-02-19,100.6,35.263691980824035,0.2975689730987483
CUST1,SKU4,DEL-BLR,2026-02-20,109.9,104.81384872814857,0.7699096949633899
CUST1,SKU4,DEL-BLR,2026-02-21,105.7,53.59545029578106,0.4382987733967917
CUST1,SKU4,DEL-BLR,2026-02-22,110.0,145.02056670446638,0.9605963846423673
CUST1,SKU4,DEL-BLR,2026-02-23,95.6,-98.54788047215015,0.0
CUST1,SKU4,DEL-BLR,2026-02-24,111.3,181.61076754744659,0.9526176801581373
CUST1,SKU4,DEL-BLR,2026-02-25,107.2,70.91398984124766,0.5197224104620479
CUST1,SKU4,DEL-BLR,2026-02-26,95.2,-132.82299518897287,0.0
CUST1,SKU4,DEL-BLR,2026-02-27,101.6,-17.739724105487653,0.0
CUST1,SKU4,DEL-BLR,2026-02-28,97.0,-77.53391028769897,0.0
CUST1,SKU4,DEL-BLR,2026-03-01,97.7,-64.17418263708572,0.0
CUST1,SKU5,DEL-BLR,2026-01-01,143.5,257.93876748807014,0.8066414158381537
CUST1,SKU5,DEL-BLR,2026-01-02,146.7,267.20506393179215,0.829635114820527
CUST1,SKU5,DEL-BLR,2026-01-03,175.7,1972.5984261824028,0.9499516842383793
CUST1,SKU5,DEL-BLR,2026-01-04,148.4,368.3737969566884,0.6766728252713856
CUST1,SKU5,DEL-BLR,2026-01-05,135.4,138.95283685256436,0.8236753812202425
CUST1,SKU5,DEL-BLR,2026-01-06,146.3,321.99822888580724,0.737508035447621
CUST1,SKU5,DEL-BLR,2026-01-07,144.3,223.57813631804635,0.9251589561316719
CUST1,SKU5,DEL-BLR,2026-01-08,176.4,1704.0107399571189,0.9922415792406573
CUST1,SKU5,DEL-BLR,2026-01-09,149.5,332.58522699532017,0.6602297944440387
CUST1,SKU5,DEL-BLR,2026-01-10,125.3,-17.115238870583312,0.0
CUST1,SKU5,DEL-BLR,2026-01-11,149.4,242.45090847149498,0.8031329152796711
CUST1,SKU5,DEL-BLR,2026-01-12,163.3,1001.444631700932,0.5031348914389908
CUST1,SKU5,DEL-BLR,2026-01-13,132.6,67.81247080012184,0.5103068635149339
CUST1,SKU5,DEL-BLR,2026-01-14,128.6,10.658176331793413,0.08668527808740167
CUST1,SKU5,DEL-BLR,2026-01-15,140.7,234.90226964445043,0.9408217553780808
CUST1,SKU5,DEL-BLR,2026-01-16,126.2,-28.591202161798606,0.0
CUST1,SKU5,DEL-BLR,2026-01-17,187.3,1050.3338403121704,0.9859369692831814
CUST1,SKU5,DEL-BLR,2026-01-18,132.1,89.160254484044,0.5943802421903767
CUST1,SKU5,DEL-BLR,2026-01-19,145.0,244.32566913116665,0.8258044162044633
CUST1,SKU5,DEL-BLR,2026-01-20,124.0,-42.394327807255024,0.0
CUST1,SKU5,DEL-BLR,2026-01-21,168.8,1059.775716131212,0.7177835195663798
CUST1,SKU5,DEL-BLR,2026-01-22,134.0,120.54742021227787,0.8261223348417813
CUST1,SKU5,DEL-BLR,2026-01-23,180.0,1906.570759341459,0.9244868439322691
CUST1,SKU5,DEL-BLR,2026-01-24,146.5,285.875099810107,0.8715868483281758
CUST1,SKU5,DEL-BLR,2026-01-25,129.5,17.090979617188452,0.1490939257802617
CUST1,SKU5,DEL-BLR,2026-01-26,168.8,998.9451890436378,0.7083406777691105
CUST1,SKU5,DEL-BLR,2026-01-27,146.0,280.6558375352243,0.7744967315554677
CUST1,SKU5,DEL-BLR,2026-01-28,141.9,213.53454480658314,0.9430277358632104
CUST1,SKU5,DEL-BLR,2026-01-29,131.7,66.51965897364829,0.46938043711514654
CUST1,SKU5,DEL-BLR,2026-01-30,149.3,293.29437391005655,0.8563188939551291
CUST1,SKU5,DEL-BLR,2026-01-31,143.2,242.75240043322464,0.8369278570682112
CUST1,SKU5,DEL-BLR,2026-02-01,146.8,297.63641700808665,0.6809734118198849
CUST1,SKU5,DEL-BLR,2026-02-02,136.5,130.9526583131327,0.8640170497319043
CUST1,SKU5,DEL-BLR,2026-02-03,135.8,145.10021012877905,0.9107250685106237
CUST1,SKU5,DEL-BLR,2026-02-04,143.9,232.44588788001062,0.864707102765117
CUST1,SKU5,DEL-BLR,2026-02-05,140.5,214.00962423139725,0.9805924273178487
CUST1,SKU5,DEL-BLR,2026-02-06,135.1,106.21716204159395,0.716007395149515
CUST1,SKU5,DEL-BLR,2026-02-07,126.5,21.00622296692643,0.17796782771001274
CUST1,SKU5,DEL-BLR,2026-02-08,140.6,191.09565310560475,0.9796296353446333
CUST1,SKU5,DEL-BLR,2026-02-09,129.5,73.11593208027011,0.5002158341071579
CUST1,SKU5,DEL-BLR,2026-02-10,187.6,1800.362477645247,0.7821412053630392
CUST1,SKU5,DEL-BLR,2026-02-11,135.1,105.21852520727805,0.7111298257954972
CUST1,SKU5,DEL-BLR,2026-02-12,129.6,103.54408012538227,0.7183048647894696
CUST1,SKU5,DEL-BLR,2026-02-13,140.5,152.98701683093026,0.856048105601785
CUST1,SKU5,DEL-BLR,2026-02-14,124.9,-11.83482549918756,0.0
CUST1,SKU5,DEL-BLR,2026-02-15,134.9,154.31065852175794,0.819355051113744
CUST1,SKU5,DEL-BLR,2026-02-16,171.3,1632.5698537004846,0.8974591577123259
CUST1,SKU5,DEL-BLR,2026-02-17,141.9,191.92794851420632,0.9729370269779283
CUST1,SKU5,DEL-BLR,2026-02-18,139.3,190.7493510185115,0.9858236105509016
CUST1,SKU5,DEL-BLR,2026-02-19,141.1,203.5065917435416,0.9951492535643555
CUST1,SKU5,DEL-BLR,2026-02-20,168.8,1901.3187060985392,0.7406744715113285
CUST1,SKU5,DEL-BLR,2026-02-21,142.4,201.89242108537786,0.9746175867885217
CUST1,SKU5,DEL-BLR,2026-02-22,141.5,176.103615220804,0.9290005139478674
CUST1,SKU5,DEL-BLR,2026-02-23,148.3,319.4918542470528,0.7919746246579722
CUST1,SKU5,DEL-BLR,2026-02-24,171.0,1106.3861279157986,0.8913268847021701
CUST1,SKU5,DEL-BLR,2026-02-25,138.8,187.91594298209185,0.9803997548850454
CUST1,SKU5,DEL-BLR,2026-02-26,131.7,82.99931042559552,0.5809288756358406
CUST1,SKU5,DEL-BLR,2026-02-27,132.3,68.26979537348109,0.4932043804687114
CUST1,SKU5,DEL-BLR,2026-02-28,144.7,207.02858884439007,0.9850655413170666
CUST1,SKU5,DEL-BLR,2026-03-01,135.0,176.47708972857964,0.983316325859493
CUST1,SKU1,MUM-DXB,2026-01-01,134.9,73.13369426804724,0.5176371629558684
CUST1,SKU1,MUM-DXB,2026-01-02,142.1,193.05419588957108,0.9517781140676979
CUST1,SKU1,MUM-DXB,2026-01-03,138.0,82.98602542615788,0.5819474478068304
CUST1,SKU1,MUM-DXB,2026-01-04,128.7,35.68377926062635,0.28649503990598557
CUST1,SKU1,MUM-DXB,2026-01-05,135.6,45.26417315613753,0.35043830403418386
CUST1,SKU1,MUM-DXB,2026-01-06,134.6,64.35996671252042,0.47882576422960843
CUST1,SKU1,MUM-DXB,2026-01-07,136.8,89.40241458787705,0.6564740315713052
CUST1,SKU1,MUM-DXB,2026-01-08,132.4,42.93991117215603,0.3341889559154875
CUST1,SKU1,MUM-DXB,2026-01-09,135.0,62.29087580668016,0.44672414644816494
CUST1,SKU1,MUM-DXB,2026-01-10,130.1,6.607768686717236,0.052582799643636435
CUST1,SKU1,MUM-DXB,2026-01-11,132.4,15.97726528624321,0.1383726767898974
CUST1,SKU1,MUM-DXB,2026-01-12,195.3,1237.2170091909998,0.8657685139304602
CUST1,SKU1,MUM-DXB,2026-01-13,153.0,323.3766237137042,0.7197928469231349
CUST1,SKU1,MUM-DXB,2026-01-14,149.1,285.9124585897261,0.8739794132068047
CUST1,SKU1,MUM-DXB,2026-01-15,135.4,49.42138413079397,0.3831188837755307
CUST1,SKU1,MUM-DXB,2026-01-16,135.5,70.0078080635351,0.49975968660455594
CUST1,SKU1,MUM-DXB,2026-01-17,150.7,269.81562522452447,0.8343000415423907
CUST1,SKU1,MUM-DXB,2026-01-18,129.1,-43.936055965254525,0.0
CUST1,SKU1,MUM-DXB,2026-01-19,135.7,84.28909684058789,0.6129849856339527
CUST1,SKU1,MUM-DXB,2026-01-20,132.3,9.245572216563971,0.07981578691473445
CUST1,SKU1,MUM-DXB,2026-01-21,149.6,227.31275378059826,0.9490131927058096
CUST1,SKU1,MUM-DXB,2026-01-22,147.6,226.0261637441185,0.8456933170804999
CUST1,SKU1,MUM-DXB,2026-01-23,146.3,248.95448004940062,0.8476084703035658
CUST1,SKU1,MUM-DXB,2026-01-24,147.6,241.10746615064744,0.8025747972624786
CUST1,SKU1,MUM-DXB,2026-01-25,144.2,189.20326994142368,0.9555434626853988
CUST1,SKU1,MUM-DXB,2026-01-26,139.1,113.36359502497129,0.7961796942681856
CUST1,SKU1,MUM-DXB,2026-01-27,173.0,692.406191891934,0.6472680520273433
CUST1,SKU1,MUM-DXB,2026-01-28,137.9,81.2637057854829,0.5631801267725731
CUST1,SKU1,MUM-DXB,2026-01-29,179.7,1576.8378803520163,0.9901269351349057
CUST1,SKU1,MUM-DXB,2026-01-30,140.8,147.17512065745308,0.876592514060572
CUST1,SKU1,MUM-DXB,2026-01-31,176.1,1580.824241030528,0.7190651186371063
CUST1,SKU1,MUM-DXB,2026-02-01,130.5,-5.479556616383832,0.0
CUST1,SKU1,MUM-DXB,2026-02-02,130.1,-9.131098680653736,0.0
CUST1,SKU1,MUM-DXB,2026-02-03,141.7,172.68336463195982,0.9130700955860614
CUST1,SKU1,MUM-DXB,2026-02-04,144.4,190.94643683067562,0.9854035797357467
CUST1,SKU1,MUM-DXB,2026-02-05,181.3,1025.9183546042664,0.8705495134311828
CUST1,SKU1,MUM-DXB,2026-02-06,131.3,22.701762498908977,0.20220463918333953
CUST1,SKU1,MUM-DXB,2026-02-07,153.5,341.88162087649147,0.7162458640650792
CUST1,SKU1,MUM-DXB,2026-02-08,186.7,1718.877893715074,0.9773428917215164
CUST1,SKU1,MUM-DXB,2026-02-09,135.2,56.341521843552016,0.43728211210322365
CUST1,SKU1,MUM-DXB,2026-02-10,137.5,94.97527772083362,0.6857203800739744
CUST1,SKU1,MUM-DXB,2026-02-11,191.5,1814.3068767396571,0.8050570773523014
CUST1,SKU1,MUM-DXB,2026-02-12,194.7,1920.4255461833432,0.9730509613233348
CUST1,SKU1,MUM-DXB,2026-02-13,154.9,292.01737982243543,0.7664700140024244
CUST1,SKU1,MUM-DXB,2026-02-14,185.6,2030.4167681963163,0.9528599377777746
CUST1,SKU1,MUM-DXB,2026-02-15,141.6,197.1278329989138,0.9040311702345712
CUST1,SKU1,MUM-DXB,2026-02-16,190.0,2308.266811281831,0.9929060179650573
CUST1,SKU1,MUM-DXB,2026-02-17,170.2,1553.0290678223214,0.36393187453881526
CUST1,SKU1,MUM-DXB,2026-02-18,170.0,1973.1494051843729,0.4027634658195024
CUST1,SKU1,MUM-DXB,2026-02-19,150.7,299.6972730981917,0.7544361695788673
CUST1,SKU1,MUM-DXB,2026-02-20,147.0,240.03504263482859,0.8460183044887523
CUST1,SKU1,MUM-DXB,2026-02-21,133.3,43.40502295375285,0.33443596130119735
CUST1,SKU1,MUM-DXB,2026-02-22,130.6,-15.835668608645278,0.0
CUST1,SKU1,MUM-DXB,2026-02-23,182.3,2266.5324567432813,0.8984709998401046
CUST1,SKU1,MUM-DXB,2026-02-24,131.0,-15.527762090312194,0.0
CUST1,SKU1,MUM-DXB,2026-02-25,130.8,11.562834550312857,0.09536729996037452
CUST1,SKU1,MUM-DXB,2026-02-26,193.0,1712.3207365898268,0.8702267820851411
CUST1,SKU1,MUM-DXB,2026-02-27,150.1,212.96111105781796,0.9611873744053262
CUST1,SKU1,MUM-DXB,2026-02-28,131.8,33.873829584813734,0.26590954216118234
CUST1,SKU1,MUM-DXB,2026-03-01,138.3,90.57834807804306,0.6088362485085725
CUST1,SKU2,MUM-DXB,2026-01-01,207.1,615.0415635288846,0.8377881124814586
CUST1,SKU2,MUM-DXB,2026-01-02,224.9,2461.230478563347,0.6934495465183588
CUST1,SKU2,MUM-DXB,2026-01-03,153.1,72.57352421934058,0.5376374603878089
CUST1,SKU2,MUM-DXB,2026-01-04,166.7,198.35790793454743,0.9841055570131212
CUST1,SKU2,MUM-DXB,2026-01-05,155.5,155.6689443243174,0.9385628364984296
CUST1,SKU2,MUM-DXB,2026-01-06,162.8,189.03484998289792,0.9510084486754674
CUST1,SKU2,MUM-DXB,2026-01-07,151.4,56.27620854143021,0.460219195628508
CUST1,SKU2,MUM-DXB,2026-01-08,155.7,111.78196912798751,0.6793635725373521
CUST1,SKU2,MUM-DXB,2026-01-09,168.0,284.601847751358,0.7718991879098296
CUST1,SKU2,MUM-DXB,2026-01-10,170.3,306.48963277133333,0.643883288614922
CUST1,SKU2,MUM-DXB,2026-01-11,161.7,207.93307465303957,0.921040630809731
CUST1,SKU2,MUM-DXB,2026-01-12,168.1,243.8544095320804,0.7941165298774688
CUST1,SKU2,MUM-DXB,2026-01-13,169.1,289.3433553959823,0.8279136881124809
CUST1,SKU2,MUM-DXB,2026-01-14,164.5,275.48946822504314,0.7566266016880494
CUST1,SKU2,MUM-DXB,2026-01-15,150.6,66.9303922277582,0.5392260238856232
CUST1,SKU2,MUM-DXB,2026-01-16,151.7,51.14490548528022,0.4503777196332073
CUST1,SKU2,MUM-DXB,2026-01-17,165.2,199.29083280933622,0.9178186924002599
CUST1,SKU2,MUM-DXB,2026-01-18,156.1,114.31555388581461,0.855517380550972
CUST1,SKU2,MUM-DXB,2026-01-19,161.3,148.85093138685164,0.9706468763378825
CUST1,SKU2,MUM-DXB,2026-01-20,159.7,168.30401990164546,0.9158390345793922
CUST1,SKU2,MUM-DXB,2026-01-21,174.8,340.3359923054524,0.7572666553225271
CUST1,SKU2,MUM-DXB,2026-01-22,169.8,294.69523955968936,0.7771569370438256
CUST1,SKU2,MUM-DXB,2026-01-23,176.0,350.8653444247008,0.6018616037331648
CUST1,SKU2,MUM-DXB,2026-01-24,216.8,935.535988667149,0.9497663176450764
CUST1,SKU2,MUM-DXB,2026-01-25,151.4,50.11655584490654,0.40310824676476664
CUST1,SKU2,MUM-DXB,2026-01-26,174.8,357.8333674420675,0.6140805421851535
CUST1,SKU2,MUM-DXB,2026-01-27,162.4,209.3105826310388,0.9882683164658788
CUST1,SKU2,MUM-DXB,2026-01-28,198.8,1302.2285145253688,0.7000763151393208
CUST1,SKU2,MUM-DXB,2026-01-29,161.7,170.04642186987496,0.9749556990752981
CUST1,SKU2,MUM-DXB,2026-01-30,225.3,1721.8307825010893,0.8337118888168568
CUST1,SKU2,MUM-DXB,2026-01-31,155.0,138.91255312439978,0.856712351410399
CUST1,SKU2,MUM-DXB,2026-02-01,160.3,155.2428528942172,0.9826267616533438
CUST1,SKU2,MUM-DXB,2026-02-02,175.9,364.58841968766484,0.6468415923956929
CUST1,SKU2,MUM-DXB,2026-02-03,177.9,416.9568853904165,0.6032580269564435
CUST1,SKU2,MUM-DXB,2026-02-04,217.5,1666.8852328307582,0.9352218261446114
CUST1,SKU2,MUM-DXB,2026-02-05,169.2,321.7911827464064,0.7044388245041409
CUST1,SKU2,MUM-DXB,2026-02-06,151.7,72.86565654470269,0.4986419087885827
CUST1,SKU2,MUM-DXB,2026-02-07,152.4,89.33638490961755,0.6389572379834203
CUST1,SKU2,MUM-DXB,2026-02-08,218.3,932.0320063977172,0.9997215270766884
CUST1,SKU2,MUM-DXB,2026-02-09,163.6,239.21102734198126,0.8913877408324775
CUST1,SKU2,MUM-DXB,2026-02-10,161.2,172.3267226947437,0.9053227859002798
CUST1,SKU2,MUM-DXB,2026-02-11,158.4,151.98005207757757,0.8574847873026858
CUST1,SKU2,MUM-DXB,2026-02-12,161.0,164.98365434429581,0.9422129444627256
CUST1,SKU2,MUM-DXB,2026-02-13,171.1,289.177777844732,0.7020132153361591
CUST1,SKU2,MUM-DXB,2026-02-14,162.9,195.3309183641996,0.9961682395625555
CUST1,SKU2,MUM-DXB,2026-02-15,157.5,114.88388823877665,0.742640016358858
CUST1,SKU2,MUM-DXB,2026-02-16,158.3,129.9566643113975,0.7848930677050019
CUST1,SKU2,MUM-DXB,2026-02-17,150.9,43.87589524836113,0.3489070489578566
CUST1,SKU2,MUM-DXB,2026-02-18,206.3,2175.3855648912927,0.9681441456247944
CUST1,SKU2,MUM-DXB,2026-02-19,157.8,140.37284663386453,0.8934877631066868
CUST1,SKU2,MUM-DXB,2026-02-20,225.0,2580.1590518570524,0.6301692844067647
CUST1,SKU2,MUM-DXB,2026-02-21,153.1,62.05038769809471,0.47450951826445664
CUST1,SKU2,MUM-DXB,2026-02-22,165.6,232.72301013798693,0.9770787159821109
CUST1,SKU2,MUM-DXB,2026-02-23,173.2,352.16321530217994,0.6530974583709338
CUST1,SKU2,MUM-DXB,2026-02-24,163.5,189.3643475006216,0.9456245526840956
CUST1,SKU2,MUM-DXB,2026-02-25,198.4,1790.1351215768482,0.6477051169405219
CUST1,SKU2,MUM-DXB,2026-02-26,198.1,1304.5156718281476,0.5857723578618101
CUST1,SKU2,MUM-DXB,2026-02-27,161.8,240.4979098783819,0.8113820135064059
CUST1,SKU2,MUM-DXB,2026-02-28,151.6,37.924362513727374,0.32230014723160805
CUST1,SKU2,MUM-DXB,2026-03-01,165.1,256.49052002749505,0.853051116774343
CUST1,SKU3,MUM-DXB,2026-01-01,210.2,355.1143058641555,0.6695337248108877
CUST1,SKU3,MUM-DXB,2026-01-02,189.0,153.36121685338998,0.9566460722284709
CUST1,SKU3,MUM-DXB,2026-01-03,205.1,333.68356883273833,0.629840833485483
CUST1,SKU3,MUM-DXB,2026-01-04,223.7,521.8605618833249,0.6971544239544355
CUST1,SKU3,MUM-DXB,2026-01-05,198.6,308.8241260054605,0.7709619846456044
CUST1,SKU3,MUM-DXB,2026-01-06,209.3,425.69968336546816,0.620779256567166
CUST1,SKU3,MUM-DXB,2026-01-07,224.4,534.0510394963603,0.5511720262923818
CUST1,SKU3,MUM-DXB,2026-01-08,207.1,340.6383639228981,0.658692589408123
CUST1,SKU3,MUM-DXB,2026-01-09,262.0,1251.6842410868421,0.91024603141282
CUST1,SKU3,MUM-DXB,2026-01-10,203.4,300.6221160711104,0.6118490439711282
CUST1,SKU3,MUM-DXB,2026-01-11,225.9,601.2629699285426,0.5886934854626239
CUST1,SKU3,MUM-DXB,2026-01-12,210.1,326.95883591942714,0.5053392790422995
CUST1,SKU3,MUM-DXB,2026-01-13,248.2,1401.5650012208362,0.8304866329202738
CUST1,SKU3,MUM-DXB,2026-01-14,209.2,361.20556507114674,0.6689370692820966
CUST1,SKU3,MUM-DXB,2026-01-15,223.7,571.876376244127,0.5571138345514375
CUST1,SKU3,MUM-DXB,2026-01-16,256.1,1431.1791391001661,0.9900925709784414
CUST1,SKU3,MUM-DXB,2026-01-17,190.6,159.60369725398135,0.910314731241641
CUST1,SKU3,MUM-DXB,2026-01-18,208.5,354.3322321849292,0.5163866581907457
CUST1,SKU3,MUM-DXB,2026-01-19,217.6,446.3680032138163,0.5986294602028097
CUST1,SKU3,MUM-DXB,2026-01-20,199.3,266.3776548601381,0.8004911975059744
CUST1,SKU3,MUM-DXB,2026-01-21,212.0,390.2641387673145,0.7170515656506877
CUST1,SKU3,MUM-DXB,2026-01-22,203.3,319.3352875855829,0.6484571885731861
CUST1,SKU3,MUM-DXB,2026-01-23,250.0,1745.9867562390486,0.9312984005405603
CUST1,SKU3,MUM-DXB,2026-01-24,214.1,432.4499431503578,0.5868380274231135
CUST1,SKU3,MUM-DXB,2026-01-25,216.3,447.3291179676642,0.5715132647858518
CUST1,SKU3,MUM-DXB,2026-01-26,221.7,528.484948619991,0.6595757884450175
CUST1,SKU3,MUM-DXB,2026-01-27,264.5,2264.975355435828,0.765955108379427
CUST1,SKU3,MUM-DXB,2026-01-28,198.3,306.4455659989657,0.5484397069609941
CUST1,SKU3,MUM-DXB,2026-01-29,197.9,231.70832671286445,0.8706170348951721
CUST1,SKU3,MUM-DXB,2026-01-30,207.8,349.9290690601269,0.7188545567854513
CUST1,SKU3,MUM-DXB,2026-01-31,226.3,560.2113064476009,0.4959346981259075
CUST1,SKU3,MUM-DXB,2026-02-01,193.6,189.6152141704478,0.9063866432971339
CUST1,SKU3,MUM-DXB,2026-02-02,270.0,1402.830613282144,0.9085773811032359
CUST1,SKU3,MUM-DXB,2026-02-03,223.2,433.6965969054698,0.5711772496797549
CUST1,SKU3,MUM-DXB,2026-02-04,263.9,1814.7708367939522,0.8922781592871758
CUST1,SKU3,MUM-DXB,2026-02-05,208.6,354.91586420620473,0.5744130306405464
CUST1,SKU3,MUM-DXB,2026-02-06,219.8,496.4824872985235,0.5718838811505579
CUST1,SKU3,MUM-DXB,2026-02-07,262.4,800.2924235208818,0.9226220149692668
CUST1,SKU3,MUM-DXB,2026-02-08,220.7,420.5693770879895,0.5928764137454579
CUST1,SKU3,MUM-DXB,2026-02-09,222.5,521.8091486162527,0.5251054389908827
CUST1,SKU3,MUM-DXB,2026-02-10,199.8,252.58171200233534,0.7945649313044735
CUST1,SKU3,MUM-DXB,2026-02-11,219.6,529.1348371226743,0.35144975769110987
CUST1,SKU3,MUM-DXB,2026-02-12,200.1,263.37447301405126,0.8055995608695101
CUST1,SKU3,MUM-DXB,2026-02-13,198.6,254.0056859885887,0.6360953719853658
CUST1,SKU3,MUM-DXB,2026-02-14,196.7,239.42708447551098,0.7589375682782489
CUST1,SKU3,MUM-DXB,2026-02-15,206.5,369.1540880190816,0.5223677112683649
CUST1,SKU3,MUM-DXB,2026-02-16,210.7,363.5190432852807,0.5221144420009827
CUST1,SKU3,MUM-DXB,2026-02-17,188.3,129.79455169288457,0.8715809824678695
CUST1,SKU3,MUM-DXB,2026-02-18,223.0,540.635918451153,0.5398740690033037
CUST1,SKU3,MUM-DXB,2026-02-19,265.7,853.3781039367275,0.9562883446031718
CUST1,SKU3,MUM-DXB,2026-02-20,199.4,268.81252209625353,0.7323153355198723
CUST1,SKU3,MUM-DXB,2026-02-21,221.0,526.2952239443521,0.6120463672126604
CUST1,SKU3,MUM-DXB,2026-02-22,194.6,203.0171259973477,0.8564769342695218
CUST1,SKU3,MUM-DXB,2026-02-23,198.5,234.23070767364726,0.6965348032776055
CUST1,SKU3,MUM-DXB,2026-02-24,219.8,496.16819482686,0.6384062221013422
CUST1,SKU3,MUM-DXB,2026-02-25,204.9,316.3501678179352,0.6382242156966307
CUST1,SKU3,MUM-DXB,2026-02-26,225.1,554.0040022025707,0.43180314578407664
CUST1,SKU3,MUM-DXB,2026-02-27,192.3,191.97078186301866,0.857099649672425
CUST1,SKU3,MUM-DXB,2026-02-28,194.0,194.24252589744248,0.9516007338518044
CUST1,SKU3,MUM-DXB,2026-03-01,219.1,408.59077795098784,0.6350451045249459
CUST1,SKU4,MUM-DXB,2026-01-01,143.4,33.924855970507735,0.28769681211399856
CUST1,SKU4,MUM-DXB,2026-01-02,213.4,1331.2714466804825,0.9268146322810431
CUST1,SKU4,MUM-DXB,2026-01-03,193.6,1189.9165760118058,0.7445139338893345
CUST1,SKU4,MUM-DXB,2026-01-04,158.3,235.12663180260273,0.9845819184288382
CUST1,SKU4,MUM-DXB,2026-01-05,147.8,88.24437680274127,0.6102671621321625
CUST1,SKU4,MUM-DXB,2026-01-06,170.1,379.5520117926092,0.6763905888786715
CUST1,SKU4,MUM-DXB,2026-01-07,149.8,87.64296017329167,0.5869581126883643
CUST1,SKU4,MUM-DXB,2026-01-08,161.8,255.8468542033433,0.8453766145155232
CUST1,SKU4,MUM-DXB,2026-01-09,212.0,1435.796527093071,0.8678263353639949
CUST1,SKU4,MUM-DXB,2026-01-10,147.6,58.07543085398635,0.4509644826533452
CUST1,SKU4,MUM-DXB,2026-01-11,151.5,111.08518544798432,0.7335204673354541
CUST1,SKU4,MUM-DXB,2026-01-12,145.3,113.88404190366373,0.7802712361731821
CUST1,SKU4,MUM-DXB,2026-01-13,168.1,308.2641013635122,0.7617333600905127
CUST1,SKU4,MUM-DXB,2026-01-14,157.7,216.82139458373996,0.9241242939564612
CUST1,SKU4,MUM-DXB,2026-01-15,149.9,105.85258873609087,0.6794409838351229
CUST1,SKU4,MUM-DXB,2026-01-16,166.9,252.76651705555201,0.8285877108001423
CUST1,SKU4,MUM-DXB,2026-01-17,149.5,95.95792827492272,0.6549246377684996
CUST1,SKU4,MUM-DXB,2026-01-18,155.3,168.47766713280885,0.9496291058001969
CUST1,SKU4,MUM-DXB,2026-01-19,144.2,38.19545828115588,0.2974723727616134
CUST1,SKU4,MUM-DXB,2026-01-20,145.8,66.33500985020021,0.49670501763592556
CUST1,SKU4,MUM-DXB,2026-01-21,157.9,189.95611784357658,0.9676443381127227
CUST1,SKU4,MUM-DXB,2026-01-22,151.7,115.69359834911705,0.8786663314132526
CUST1,SKU4,MUM-DXB,2026-01-23,150.3,98.43502557197883,0.6070568658659052
CUST1,SKU4,MUM-DXB,2026-01-24,155.4,162.09586834916996,0.9352838150576576
CUST1,SKU4,MUM-DXB,2026-01-25,215.5,2010.663155089324,0.7569501403708583
CUST1,SKU4,MUM-DXB,2026-01-26,157.1,173.43760757783207,0.9782467093100662
CUST1,SKU4,MUM-DXB,2026-01-27,148.0,102.34806631655391,0.6725974197809801
CUST1,SKU4,MUM-DXB,2026-01-28,170.9,388.99928022053024,0.58864383400019
CUST1,SKU4,MUM-DXB,2026-01-29,147.7,117.82774593560413,0.8059912482579759
CUST1,SKU4,MUM-DXB,2026-01-30,169.7,348.2656841581191,0.786568401812268
CUST1,SKU4,MUM-DXB,2026-01-31,162.7,259.76574964544176,0.8009618106674996
CUST1,SKU4,MUM-DXB,2026-02-01,167.9,328.7782512361161,0.7318624288365809
CUST1,SKU4,MUM-DXB,2026-02-02,161.1,226.80721986477494,0.9457124131881709
CUST1,SKU4,MUM-DXB,2026-02-03,169.7,376.82511415712855,0.7115633168973433
CUST1,SKU4,MUM-DXB,2026-02-04,155.0,165.85399572698452,0.9351489547355465
CUST1,SKU4,MUM-DXB,2026-02-05,167.1,335.3053124805123,0.7228379758953964
CUST1,SKU4,MUM-DXB,2026-02-06,217.4,1880.858210173013,0.7110446990070632
CUST1,SKU4,MUM-DXB,2026-02-07,147.5,96.04468377193865,0.6656715033576578
CUST1,SKU4,MUM-DXB,2026-02-08,169.2,379.9390894650533,0.676068123548958
CUST1,SKU4,MUM-DXB,2026-02-09,167.0,230.74367123964993,0.9324835312049402
CUST1,SKU4,MUM-DXB,2026-02-10,156.1,194.22821611828869,0.9643159370847805
CUST1,SKU4,MUM-DXB,2026-02-11,148.5,75.2687005054255,0.5180576593725882
CUST1,SKU4,MUM-DXB,2026-02-12,148.5,95.77860479951698,0.6362148907330808
CUST1,SKU4,MUM-DXB,2026-02-13,156.7,185.75920264778136,0.9351271926785987
CUST1,SKU4,MUM-DXB,2026-02-14,144.2,33.74511095795441,0.2598962797578973
CUST1,SKU4,MUM-DXB,2026-02-15,152.6,122.58055269067717,0.8311183529230084
CUST1,SKU4,MUM-DXB,2026-02-16,171.6,366.2633584337769,0.7024358390828502
CUST1,SKU4,MUM-DXB,2026-02-17,169.3,377.0201604340894,0.5847992550325185
CUST1,SKU4,MUM-DXB,2026-02-18,158.5,261.42505799391216,0.823488565903941
CUST1,SKU4,MUM-DXB,2026-02-19,170.1,328.16423341387855,0.7272358611098888
CUST1,SKU4,MUM-DXB,2026-02-20,145.1,30.444480447587466,0.25128285644239157
CUST1,SKU4,MUM-DXB,2026-02-21,158.7,177.04804371678046,0.9665869676074115
CUST1,SKU4,MUM-DXB,2026-02-22,209.7,867.4871938035164,0.950466143511364
CUST1,SKU4,MUM-DXB,2026-02-23,209.2,2362.0465347983086,0.827610599170082
CUST1,SKU4,MUM-DXB,2026-02-24,146.1,76.93985465763865,0.5801585210979148
CUST1,SKU4,MUM-DXB,2026-02-25,164.8,359.41902329110286,0.7635359139658339
CUST1,SKU4,MUM-DXB,2026-02-26,156.1,177.2405977048245,0.9265415429406608
CUST1,SKU4,MUM-DXB,2026-02-27,212.1,2010.1585121132612,0.9219627676042103
CUST1,SKU4,MUM-DXB,2026-02-28,207.2,1927.345417045235,0.8536432519691671
CUST1,SKU4,MUM-DXB,2026-03-01,166.0,340.41268710537923,0.7404872236966593
CUST1,SKU5,MUM-DXB,2026-01-01,146.3,318.4269420682488,0.693647691148753
CUST1,SKU5,MUM-DXB,2026-01-02,126.2,13.964517217044886,0.11339932770939465
CUST1,SKU5,MUM-DXB,2026-01-03,136.2,181.56234297481973,0.988863501210005
CUST1,SKU5,MUM-DXB,2026-01-04,132.7,79.21532382289831,0.5540774729401903
CUST1,SKU5,MUM-DXB,2026-01-05,137.4,174.543998557083,0.9949503104585468
CUST1,SKU5,MUM-DXB,2026-01-06,126.2,38.12210839763634,0.31608949082992777
CUST1,SKU5,MUM-DXB,2026-01-07,147.1,270.8803179811559,0.7207784062101539
CUST1,SKU5,MUM-DXB,2026-01-08,131.5,90.44194724905901,0.6626629382527518
CUST1,SKU5,MUM-DXB,2026-01-09,181.2,1749.6572962737318,0.8512099121856322
CUST1,SKU5,MUM-DXB,2026-01-10,145.0,281.3500698382658,0.7117454972129285
CUST1,SKU5,MUM-DXB,2026-01-11,177.4,1810.0205968757,0.9931567715251842
CUST1,SKU5,MUM-DXB,2026-01-12,131.2,79.2294102238198,0.623505759636649
CUST1,SKU5,MUM-DXB,2026-01-13,124.1,-27.22992142515608,0.0
CUST1,SKU5,MUM-DXB,2026-01-14,123.5,-24.40617517453603,0.0
CUST1,SKU5,MUM-DXB,2026-01-15,137.5,203.40962412930725,0.977724930306935
CUST1,SKU5,MUM-DXB,2026-01-16,185.0,1896.5063671848889,0.78647819621578
CUST1,SKU5,MUM-DXB,2026-01-17,124.5,-42.6657375154723,0.0
CUST1,SKU5,MUM-DXB,2026-01-18,147.6,345.3935611263476,0.801141252071379
CUST1,SKU5,MUM-DXB,2026-01-19,124.7,1.589869905358455,0.013785870563430946
CUST1,SKU5,MUM-DXB,2026-01-20,134.2,129.26004689641383,0.8045140174507077
CUST1,SKU5,MUM-DXB,2026-01-21,176.8,681.9914475049513,0.7241984826421368
CUST1,SKU5,MUM-DXB,2026-01-22,133.2,133.51893642434624,0.7438060342827777
CUST1,SKU5,MUM-DXB,2026-01-23,125.4,-33.18268502382597,0.0
CUST1,SKU5,MUM-DXB,2026-01-24,166.3,2150.1112191609072,0.46190603851561196
CUST1,SKU5,MUM-DXB,2026-01-25,133.8,111.1202858833671,0.684559694604383
CUST1,SKU5,MUM-DXB,2026-01-26,137.1,172.16829132809096,0.8469553964530273
CUST1,SKU5,MUM-DXB,2026-01-27,140.3,226.9730517181551,0.9507075357530407
CUST1,SKU5,MUM-DXB,2026-01-28,139.6,200.05432596600855,0.9768488990972037
CUST1,SKU5,MUM-DXB,2026-01-29,174.5,1649.9144182926796,0.9494650866263242
CUST1,SKU5,MUM-DXB,2026-01-30,130.5,61.47311727165419,0.436098021339419
CUST1,SKU5,MUM-DXB,2026-01-31,127.4,10.307038859146928,0.08553766088687875
CUST1,SKU5,MUM-DXB,2026-02-01,147.9,351.53539732231064,0.6967844599109971
CUST1,SKU5,MUM-DXB,2026-02-02,137.2,174.63521302489198,0.9526016626489742
CUST1,SKU5,MUM-DXB,2026-02-03,130.6,63.82931380649762,0.4700408917497423
CUST1,SKU5,MUM-DXB,2026-02-04,136.0,147.00823370850532,0.8948473802013744
CUST1,SKU5,MUM-DXB,2026-02-05,132.0,64.37200696014594,0.4798074070198519
CUST1,SKU5,MUM-DXB,2026-02-06,127.8,16.280652919525437,0.15039640087361217
CUST1,SKU5,MUM-DXB,2026-02-07,134.9,128.47823143990541,0.7954621510166654
CUST1,SKU5,MUM-DXB,2026-02-08,130.2,65.13438318906458,0.5004427233179909
CUST1,SKU5,MUM-DXB,2026-02-09,166.7,2142.5772321737636,0.4736732100560124
CUST1,SKU5,MUM-DXB,2026-02-10,142.2,281.0366199796943,0.7708406442563152
CUST1,SKU5,MUM-DXB,2026-02-11,144.2,224.19734969472375,0.9728207255601602
CUST1,SKU5,MUM-DXB,2026-02-12,186.9,881.0179599014941,0.9605137899099672
CUST1,SKU5,MUM-DXB,2026-02-13,123.9,-50.32973080293624,0.0
CUST1,SKU5,MUM-DXB,2026-02-14,179.2,642.880548141321,0.8588023847015559
CUST1,SKU5,MUM-DXB,2026-02-15,140.8,219.08456805984832,0.9512437563055438
CUST1,SKU5,MUM-DXB,2026-02-16,124.3,-40.154946895483874,0.0
CUST1,SKU5,MUM-DXB,2026-02-17,182.1,2336.6288507686454,0.8801089620730955
CUST1,SKU5,MUM-DXB,2026-02-18,127.2,28.811632795485252,0.22839064257299668
CUST1,SKU5,MUM-DXB,2026-02-19,140.0,228.5397438123211,0.8365225250056036
CUST1,SKU5,MUM-DXB,2026-02-20,147.1,261.2631649490631,0.8102785001339796
CUST1,SKU5,MUM-DXB,2026-02-21,186.8,2342.4794633495703,0.8287560201059424
CUST1,SKU5,MUM-DXB,2026-02-22,142.0,230.51999113312542,0.8307905157932425
CUST1,SKU5,MUM-DXB,2026-02-23,185.1,932.4670889841229,0.9205506821600837
CUST1,SKU5,MUM-DXB,2026-02-24,144.3,322.9575958476058,0.586160473603718
CUST1,SKU5,MUM-DXB,2026-02-25,133.2,101.54116517941952,0.6551486897990404
CUST1,SKU5,MUM-DXB,2026-02-26,165.6,882.710704831188,0.7557788665151006
CUST1,SKU5,MUM-DXB,2026-02-27,147.1,225.65381160157216,0.9295464693035689
CUST1,SKU5,MUM-DXB,2026-02-28,128.8,50.89255968157363,0.38311348339022544
CUST1,SKU5,MUM-DXB,2026-03-01,145.8,259.9790369400885,0.8717171962529102
